link,post_text
https://www.facebook.com/share/p/iAxNWnmsWA6vM6F2/," há»c viá»‡n cÃ´ng nghá»‡ bÆ°u chÃ­nh viá»…n thÃ´ng cÃ´ng bá»‘ Ä‘iá»ƒm trÃºng tuyá»ƒn nÄƒm 2024
 há»™i Ä‘á»“ng tuyá»ƒn sinh há»c viá»‡n cÃ´ng nghá»‡ bÆ°u chÃ­nh viá»…n thÃ´ng thÃ´ng bÃ¡o káº¿t quáº£ xÃ©t tuyá»ƒn há»‡ Ä‘áº¡i há»c chÃ­nh quy nÄƒm 2024 dá»±a trÃªn káº¿t quáº£ thi thpt nÄƒm 2024 cÆ¡ sá»Ÿ Ä‘Ã o táº¡o phÃ­a báº¯c mÃ£ trÆ°á»ng bvh 
 thÃ­ sinh tra cá»©u káº¿t quáº£ xÃ©t tuyá»ƒn trÃªn há»‡ thá»‘ng tuyá»ƒn sinh chung cá»§a bá»™ gdÄ‘t theo Ä‘á»‹a chá»‰ httpsthisinhthitotnghiepthpteduvn 
 há»c viá»‡n tá»• chá»©c nháº­p há»c cho cÃ¡c tÃ¢n sinh viÃªn vÃ o cÃ¡c ngÃ y 679 follow fanpage Ä‘á»ƒ cáº­p nháº­t thÃ´ng tin chi tiáº¿t
lÆ°u Ã½ cÃ¡c thÃ­ sinh trÃºng tuyá»ƒn pháº£i hoÃ n thÃ nh viá»‡c xÃ¡c nháº­n nháº­p há»c trÃªn há»‡ thá»‘ng tuyá»ƒn sinh chung cá»§a bá»™ gdÄ‘t trÆ°á»›c khi lÃ m thá»§ tá»¥c nháº­p há»c
 chÃºc má»«ng d24 ptiters 
xem chi tiáº¿t táº¡i httpsportalptiteduvnhocviencongnghebuuchinh

há»c viá»‡n cÃ´ng nghá»‡ bÆ°u chÃ­nh viá»…n thÃ´ng
trá»¥ sá»Ÿ chÃ­nh 122 hoÃ ng quá»‘c viá»‡t pnghÄ©a tÃ¢n qcáº§u giáº¥y hÃ  ná»™i
há»c viá»‡n cÆ¡ sá»Ÿ táº¡i tphcm 11 nguyá»…n Ä‘Ã¬nh chiá»ƒu p Ä‘akao quáº­n 1 thÃ nh phá»‘ há»“ chÃ­ minh
cÆ¡ sá»Ÿ Ä‘Ã o táº¡o táº¡i hÃ  ná»™i km10 Ä‘Æ°á»ng nguyá»…n trÃ£i pmá»™ lao qhÃ  Ä‘Ã´ng hÃ  ná»™i
cÆ¡ sá»Ÿ Ä‘Ã o táº¡o táº¡i tphcm Ä‘Æ°á»ng man thiá»‡n tp thá»§ Ä‘á»©c tphá»“ chÃ­ minh
 fanpage httpsfacebookcomhocvienptit
 tuyá»ƒn sinh httpstuyensinhptiteduvn
 youtube httpswwwyoutubecompchannels
 website httpsportalptiteduvn"
https://www.facebook.com/share/p/nxB8iuuSmVkYbLFZ/,"cÃ³ má»™t ptit ráº¥t khÃ¡c
trong ngÃ y 079 cÆ¡n bÃ£o sá»‘ 3 tÃªn quá»‘c táº¿ lÃ  bÃ£o yagi Ä‘Ã£ quÃ©t qua nhiá»u Ä‘á»‹a phÆ°Æ¡ng táº¡i miá»n báº¯c trong Ä‘Ã³ háº£i phÃ²ng quáº£ng ninh chá»‹u thiá»‡t háº¡i náº·ng ná» nháº¥t hÃ  ná»™i cÅ©ng chá»‹u nhiá»u áº£nh hÆ°á»Ÿng thiá»‡t háº¡i tá»« cÆ¡n bÃ£o nÃ y trong khi hÃ  ná»™i nÃ³i chung vÃ  há»c viá»‡n cÃ´ng nghá»‡ bÆ°u chÃ­nh viá»…n thÃ´ng cÆ¡ sá»Ÿ hÃ  ná»™i nÃ³i riÃªng Ä‘ang kháº¯c phá»¥c dáº§n cÃ¡c thiá»‡t háº¡i do bÃ£o Ä‘á» nghá»‹ sinh viÃªn há»c viá»‡n tÃ­ch cá»±c kháº¯c phá»¥c khÃ³ khÄƒn trong há»c táº­p sau bÃ£o do nhá»¯ng thiá»‡t háº¡i vá» cÆ¡ sá»Ÿ váº­t cháº¥t cá»§a há»c viá»‡n lÆ°u Ã½ háº¡n cháº¿ lÆ°u thÃ´ng táº¡i cÃ¡c khu vá»±c Ä‘ang bá»‹ thiá»‡t háº¡i cÃ³ cáº£nh bÃ¡o nguy hiá»ƒm khÃ´ng an toÃ n 
    page há»c viá»‡n cÃ´ng nghá»‡ bÆ°u chÃ­nh viá»…n thÃ´ng cÅ©ng xin Ä‘Æ°á»£c chuyá»ƒn lá»i thÄƒm há»i ban Ä‘áº§u tá»« táº­p thá»ƒ lÃ£nh Ä‘áº¡o há»c viá»‡n tá»›i toÃ n thá»ƒ gia Ä‘Ã¬nh cÃ¡c sinh viÃªn chá»‹u thiá»‡t háº¡i do bÃ£o Ä‘áº·c biá»‡t lÃ  cÃ¡c sinh viÃªn táº¡i háº£i phÃ²ng vÃ  quáº£ng ninh cÃ¡c sinh viÃªn cÃ³ khÃ³ khÄƒn cáº§n trá»£ giÃºp Ä‘áº·c biá»‡t do gia Ä‘Ã¬nh bá»‹ thiá»‡t háº¡i do bÃ£o liÃªn há»‡ vá»›i phÃ²ng chÃ­nh trá»‹ vÃ  cÃ´ng tÃ¡c sinh viÃªn email ctsvptiteduvn Ä‘á»ƒ há»c viá»‡n cÃ³ thÃ´ng tin vÃ  pháº§n nÃ o chia sáº» khÃ³ khÄƒn vá»›i gia Ä‘Ã¬nh 
trÃ¢n trá»ng
fromptitwithlove ptit

há»c viá»‡n cÃ´ng nghá»‡ bÆ°u chÃ­nh viá»…n thÃ´ng
trá»¥ sá»Ÿ chÃ­nh 122 hoÃ ng quá»‘c viá»‡t pnghÄ©a tÃ¢n qcáº§u giáº¥y hÃ  ná»™i
há»c viá»‡n cÆ¡ sá»Ÿ táº¡i tphcm 11 nguyá»…n Ä‘Ã¬nh chiá»ƒu p Ä‘akao quáº­n 1 thÃ nh phá»‘ há»“ chÃ­ minh
cÆ¡ sá»Ÿ Ä‘Ã o táº¡o táº¡i hÃ  ná»™i km10 Ä‘Æ°á»ng nguyá»…n trÃ£i pmá»™ lao qhÃ  Ä‘Ã´ng hÃ  ná»™i
cÆ¡ sá»Ÿ Ä‘Ã o táº¡o táº¡i tphcm Ä‘Æ°á»ng man thiá»‡n tp thá»§ Ä‘á»©c tphá»“ chÃ­ minh
 fanpage httpsfacebookcomhocvienptit
 tuyá»ƒn sinh httpstuyensinhptiteduvn
 youtube httpswwwyoutubecompchannels
 website httpsportalptiteduvn"
https://www.facebook.com/share/p/yFcRj6AHU95ZbSkh/,"cÃ²n nguyÃªn 
áº£nh tá»« cmt gr"
https://www.facebook.com/share/p/c8V8f2orZDw7kXNF/,"cÃ²n nguyÃªn 
áº£nh tá»« cmt gr"
https://www.facebook.com/share/p/fmAPJcuWPrYseJyz/,content not found
https://www.facebook.com/share/p/c6xbsBifdKiyMGCc/,content not found
https://www.facebook.com/share/p/GZW4oiuALgWD1xXa/,"sá»• tay Ä‘iá»‡n tá»­ ptit  há»c háº¿t mÃ¬nh chÆ¡i háº¿t náº¥c
 sau nhá»¯ng láº§n review game trÃ¡ hÃ¬nh ptiters Ä‘ang ráº¥t mong Ä‘á»£i rÃ¹i pháº£i khÃ´ng 
 Ä‘á»ƒ tiá»‡n cho cÃ¡c báº¡n sinh viÃªn thoáº£ sá»©c khÃ¡m phÃ¡ Ä‘áº·c biá»‡t lÃ  cÃ¡c báº¡n d24 má»i thÃ´ng tin vá» há»c viá»‡n sáº½ Ä‘Æ°á»£c cung cáº¥p Ä‘áº§y Ä‘á»§ trong sá»• tay Ä‘iá»‡n tá»­ ptit
 hÆ°á»›ng dáº«n tham gia game 
b1 táº£i file trÃªn link drive Ä‘Ã­nh kÃ¨m giáº£i nÃ©n táº­p tin Ä‘Ã£ táº£i
b2 má»Ÿ thÆ° má»¥c Ä‘Ã£ giáº£i nÃ©n vÃ  cháº¡y file ptitexe cÃ³ hÃ¬nh toÃ  a2 há»c viá»‡n
b3 khi vÃ o giao diá»‡n game sinh viÃªn Ä‘Äƒng kÃ½ theo msv cá»§a mÃ¬nh Ä‘á»ƒ Ä‘ua rank nháº­n quÃ  ngoÃ i ra cÃ³ thá»ƒ Ä‘Äƒng kÃ½ account báº¥t ká»³ Ä‘á»ƒ tráº£i nghiá»‡m
b4 Ä‘Äƒng nháº­p vÃ  tráº£i nghiá»‡m theo hÆ°á»›ng dáº«n sau khi hoÃ n thiá»‡n sinh viÃªn báº¥m lÆ°u thÃ´ng tin Ä‘á»ƒ ghi danh trÃªn báº£ng rank
 cÃ¡c báº¡n lÆ°u Ã½ lá»t top 3 game nÃ y sáº½ Ä‘Æ°á»£c nháº­n 1 pháº§n quÃ  siÃªu khá»§ng cá»§a há»c viá»‡n Ä‘Ã³ nha 
 game thÃ¬ khÃ´ng cÃ³ jumpscare nhÆ°ng máº¥y cÃ¡i mÃ£ qr cÃ³ thá»ƒ xuáº¥t hiá»‡n báº¥t cá»© lÃºc nÃ o nÃªn cÃ¡c báº¡n cá»© chuáº©n bá»‹ tinh tháº§n nha
 hÃ¬nh thá»©c nháº­n quÃ  
 má»—i tuáº§n sáº½ reset báº£ng rank top 3 sinh viÃªn Ä‘áº§u báº£ng qua giai Ä‘oáº¡n kiá»ƒm tra thÃ´ng tin sáº½ Ä‘Æ°á»£c nháº­n quÃ 
 liÃªn há»‡ nháº­n quÃ  nguyá»…n duy khÃ¡nh  0388764641 phÃ²ng ctctsv
 Ä‘ang mÆ°a giÃ³ bÃ£o lÅ© chá»‰ cáº§n á»Ÿ nhÃ  mÃ  cÅ©ng cÃ³ thá»ƒ chÆ¡i game vá»«a há»c thÃªm Ä‘Æ°á»£c nhiá»u kiáº¿n thá»©c vá»«a Ä‘Æ°á»£c nháº­n quÃ  cá»§a ptit cÃ²n cháº§n chá» chi cÃ¡c báº¡n sinh viÃªn Æ¡ii leo rank vÃ  nháº­n quÃ  thÃ´i 
phiÃªn báº£n cháº¡y thá»­ Ä‘ang trong thá»i gian thá»­ nghiá»‡m Ä‘á»ƒ cÃ¹ng chung tay gÃ³p sá»©c xin gá»­i tá»›i cÃ¡c báº¡n sinh viÃªn cá»•ng Ä‘Ã¡nh giÃ¡ gÃ³p Ã½ vá» game Ä‘á»ƒ hoÃ n thiá»‡n vÃ  phÃ¡t triá»ƒn hÆ¡n
httpsformsgle5gfuy7ilgq8gm7as5
link drive táº£i game
httpsdrivegooglecom1acyjsrpysgmviqhdznpseug8avs

há»c viá»‡n cÃ´ng nghá»‡ bÆ°u chÃ­nh viá»…n thÃ´ng
trá»¥ sá»Ÿ chÃ­nh 122 hoÃ ng quá»‘c viá»‡t pnghÄ©a tÃ¢n qcáº§u giáº¥y hÃ  ná»™i
há»c viá»‡n cÆ¡ sá»Ÿ táº¡i tphcm 11 nguyá»…n Ä‘Ã¬nh chiá»ƒu p Ä‘akao quáº­n 1 thÃ nh phá»‘ há»“ chÃ­ minh
cÆ¡ sá»Ÿ Ä‘Ã o táº¡o táº¡i hÃ  ná»™i km10 Ä‘Æ°á»ng nguyá»…n trÃ£i pmá»™ lao qhÃ  Ä‘Ã´ng hÃ  ná»™i
cÆ¡ sá»Ÿ Ä‘Ã o táº¡o táº¡i tphcm Ä‘Æ°á»ng man thiá»‡n tp thá»§ Ä‘á»©c tphá»“ chÃ­ minh
 fanpage httpsfacebookcomhocvienptit
 tuyá»ƒn sinh httpstuyensinhptiteduvn
 youtube httpswwwyoutubecompchannels
 website httpsportalptiteduvn"
https://www.facebook.com/share/p/ioQqgTZwz1jTYxoe/,content not found
https://www.facebook.com/share/p/kiVn7km7CB8sSLjU/,"ptit20394  
mÃ¬nh khÃ¡ bá»©c xÃºc vá» khoáº£n dá»‹ch vá»¥ cá»§a trÆ°á»ng trÆ°á»›c thÃ¬ tháº¥y vá»¥ nháº­n báº±ng cá»§a cÃ¡c anh chá»‹ khÃ³a trÃªn cÅ©ng cháº­m cháº¡p nhÆ° 1 anh mÃ¬nh quen khÃ³a trÆ°á»›c ra trÆ°á»ng cÅ©ng vÃ¬ cÃ¡i tá»™i trÆ°á»ng lÃ¢u tráº£ báº±ng mÃ  máº¥t bao nhiÃªu cÆ¡ há»™i viá»‡c lÃ m ngon vÃ  rá»“i cÃ¡i gÃ¬ tá»›i cÅ©ng Ä‘Ã£ tá»›i giá» tá»›t lÆ°á»£t mÃ¬nh mÃ¬nh Ä‘ang á»©ng tuyá»ƒn vÃ o 1 vá»‹ trÃ­ cá»§a 1 táº­p Ä‘oÃ n nhÃ  nÆ°á»›c cÅ©ng ráº¥t lá»›n vÃ  sau thá»i gian thi tuyá»ƒn há» báº¯t ná»™p báº£ng Ä‘iá»ƒm cÃ³ dáº¥u cá»§a nhÃ  trÆ°á»ng vá»›i thá»i háº¡n khÃ¡ ngáº¯n Ä‘en thay Ä‘Ãºng vÃ o Ä‘á»£t nhÃ  trÆ°á»ng cáº­p nháº­t Ä‘iá»ƒm  vÃ  cÃ¢u tráº£ lá»i tá»« nhÃ  trÆ°á»ng lÃ  Ä‘á»£i tá»›i táº­n ná»­a thÃ¡ng
 trong thá»i gian cáº­p nháº­t ráº¥t dÃ i tháº¿ trÆ°á»ng khÃ´ng cÃ³ thÃ´ng bÃ¡o qua cá»•ng thÃ´ng tin nÃ o Ä‘á»ƒ cho sinh viÃªn cÃ³ nguyá»‡n vá»ng cáº§n thiáº¿t Ä‘á»ƒ tranh thá»§ trÆ°á»›c thá»i gian Ä‘Ã³ giá» mÃ¬nh rÆ¡i vÃ o tráº¡ng thÃ¡i tiáº¿n thoÃ¡i lÆ°á»¡ng nan tiáº¿n lÃªn thÃ¬ khÃ´ng Ä‘Æ°á»£c mÃ  lÃ¹i láº¡i cÅ©ng khÃ´ng xong doanh nghiá»‡p thÃ¬ Ä‘Ã²i gáº§n nhÆ° pháº£i cÃ³ luÃ´n cÃ²n trÆ°á»ng thÃ¬ thá»i gian ngáº¯n thÃ¬ khÃ´ng thá»ƒ cÃ³ cháº¯c cÅ©ng ráº¥t nhiá»u ace báº¡n cÅ©ng vÃ  Ä‘Ã£ rá»i vÃ o trÆ°á»ng há»£p tÆ°Æ¡ng tá»± nhÆ° nÃ y 
mÃ¬nh khÃ´ng muá»‘n bÃ³c phá»‘t trÆ°á»ng nhÆ°ng thá»±c sá»± nhÃ  trÆ°á»ng cÃ²n quÃ¡ báº¥t cáº­p trong viá»‡c giÃºp táº¡o Ä‘iá»u kiá»‡n cho cÃ´ng viá»‡c cá»§a sinh viÃªn trÆ°á»ng cá»© thá»­ nhÃ¬n cÃ¡c trÆ°á»ng khÃ¡c dá»‹ch vá»¥ nhÆ° tháº¿ vÃ  nhÃ¬n vá» trÆ°á»ng mÃ¬nh thÃ¬ Ä‘Ãºng chÃ¡n má»™t pháº§n lá»—i cÅ©ng do mÃ¬nh khÃ´ng chuáº©n bá»‹ giáº¥y tá» sá»›m Ä‘Ã¢y cÃ³ thá»ƒ Ä‘Ã¢y lÃ  Ã½ kiáº¿n chá»§ quan cá»§a mÃ¬nh mong má»i ngÆ°á»i hoan há»‰"
https://www.facebook.com/share/p/bgPm9GgP1L4U3RZp/,"ptit20391   
niá»m vui Ä‘á»— Ä‘áº¡i há»c vÃ  niá»m tá»± hÃ o Ä‘Æ°á»£c lÃ  ptiter Ä‘ang ngÃ y cÃ ng giáº£m sÃºt theo cÃ¡i cÃ¡ch mÃ  hv Ä‘á»‘i xá»­ vá»›i tÃ¢n sv
 máº¥t Ä‘iá»ƒm láº§n má»™t cÃ´ng bá»‘ Ä‘iá»ƒm chuáº©n quÃ¡ cháº­m khÃ´ng biáº¿t hv ngÃ¢m Ä‘iá»ƒm chuáº©n Ä‘á»ƒ cÃ´ng bá»‘ cÃ³ lá»£i Ã­ch gÃ¬ chá»© tÃ¢n sinh viÃªn chá»‰ thÃªm cÄƒng tháº³ng vÃ  tháº¥t vá»ng vÃ¬ kháº£ nÄƒng quyáº¿t Ä‘á»‹nh cá»§a hv trong khi báº¡n bÃ¨ vÃ  cÃ¡c trÆ°á»ng khÃ¡c cÃ´ng bá»‘ Ä‘iá»ƒm chuáº©n ráº§n ráº§n thÃ¬ hv váº«n im lÃ¬m cá»‘ thá»§ tÃ¢n sv pháº£i vÃ o web cá»§a bá»™ xem káº¿t quáº£ thay vÃ¬ vÃ o trang web cá»§a hv
 máº¥t Ä‘iá»ƒm láº§n 2 pháº§n má»m xÃ¡c nháº­n nháº­p há»c online thÃ¬ lá»—i nhoe khi thÃ¬ bÃ¡o Ä‘á»— thÃ nh trÆ°á»£t khi thÃ¬ bÃ¡o há»“ sÆ¡ khÃ´ng há»£p lá»‡ khi thÃ¬ bÃ¡o khÃ´ng tháº¥y mÃ¡y chá»§ tháº¥y quáº£ng cÃ¡o hv cÃ´ng nghá»‡ hay lÃ  Ä‘áº¡i há»c sá»‘ gÃ¬ mÃ  cÃ¡i pháº§n má»m tuyá»ƒn sinh cÅ©ng khÃ´ng dÃ¹ng Ä‘Æ°á»£c
 máº¥t Ä‘iá»ƒm láº§n 3 há»c phÃ­ Ä‘Ã£ cao thÃ¬ chá»› láº¡i cá»™ng luÃ´n há»c phÃ­ 75tc quÃ¢n sá»± vÃ o báº¯t ná»™p luÃ´n Ä‘Ãºng gÃ¢y sá»‘c cho gia Ä‘Ã¬nh tÃ¢n sv mÃ  náº¿u tÃ¡ch pháº§n há»c phÃ­ quÃ¢n sá»± Ä‘áº¥y ra cho sv ná»™p vÃ o khi báº¯t Ä‘áº§u há»c khi nháº­p há»c chá»‰ pháº£i ná»™p hp khÃ´ng tÃ­nh qs thÃ¬ tháº¥p hÆ¡n cÃ³ pháº£i giÃ£n Ã¡p lá»±c cho gia Ä‘Ã¬nh bá»n em khÃ´ng mÃ  hv váº«n thu Ä‘Æ°á»£c Ä‘á»§ khÃ´ng mÃ  tÃ¢n sv cÅ©ng Ä‘á»¡ bá»‹ sá»‘c rá»“i Ä‘á»¡ tuyÃªn truyá»n xáº¥u cho hÃ¬nh áº£nh hv khÃ´ng
 cÃ³ khi nÃ o cÃ²n máº¥t Ä‘iá»ƒm láº§n n khÃ´ng 
rÃµ rÃ ng hv cÃ³ Ä‘Ã o táº¡o ngÃ nh truyá»n thÃ´ng ngÃ nh quan há»‡ cÃ´ng chÃºng mÃ  lÃ m truyá»n thÃ´ng lá»—i tháº¿ nÃ y quan há»‡ cÃ´ng chÃºng lá»—i tháº¿ nÃ y thÃ¬ Ä‘i dáº¡y sv tháº¿ nÃ o tá»± nhiÃªn láº¡i phÃ¢n vÃ¢n cÃ³ nÃªn nháº­p há»c khÃ´ng ná»¯a"
https://www.facebook.com/share/p/GXu8ydwu4bUzJ4vV/,"bÃ i giáº£ng má»Ÿ ğ“ğ‡ğ„ ğ…ğ”ğ“ğ”ğ‘ğ„ ğğ… ğˆğğ“ğ„ğ‹ğ‹ğˆğ†ğ„ğğ‚ğ„ ğ„ğ—ğğ‹ğğ‘ğˆğğ† ğ“ğ‡ğ„ ğˆğŒğğ€ğ‚ğ“ ğğ… ğ€ğˆ ğğ ğğ”ğ‘ ğ–ğğ‘ğ‹ğƒ
 há»c viá»‡n cÃ´ng nghá»‡ bÆ°u chÃ­nh viá»…n thÃ´ng phá»‘i há»£p Ä‘áº¡i há»c huddersfield tá»• chá»©c bÃ i giáº£ng má»Ÿ the future of intelligence exploring the impact of ai on our world vá»›i sá»± gÃ³p máº·t cá»§a diá»…n giáº£ Ä‘áº¿n tá»« Ä‘áº¡i há»c huddersfield vÆ°Æ¡ng quá»‘c anh 
 diá»…n giáº£ bÃ i giáº£ng giÃ¡o sÆ° rupak kharel  trÆ°á»Ÿng khoa cntt vÃ  ká»¹ thuáº­t Ä‘áº¡i há»c huddersfield vÆ°Æ¡ng quá»‘c anh
bÃ i giáº£ng sáº½ mang Ä‘áº¿n nhá»¯ng kiáº¿n thá»©c vÃ´ cÃ¹ng há»¯u Ã­ch cho sinh viÃªn vá» 
 sá»± phÃ¡t triá»ƒn cá»§a trÃ­ tuá»‡ nhÃ¢n táº¡o vÃ  nhá»¯ng tÃ¡c Ä‘á»™ng cá»§a ai Ä‘áº¿n má»i máº·t trong cuá»™c sá»‘ng
 tiá»m nÄƒng cá»§a ai trong thÃºc Ä‘áº©y sÃ¡ng táº¡p tá»± Ä‘á»™ng hoÃ¡ cÃ´ng viá»‡c vÃ  nhá»¯ng thÃ¡ch thá»©c trong viá»‡c quáº£n lÃ½ sá»± phÃ¡t triá»ƒn cá»§a trÃ­ tuá»‡ nhÃ¢n táº¡o
 cÃ¹ng diá»…n giáº£ tÃ¬m hiá»ƒu phÃ¢n tÃ­ch cÃ¡c thuáº­t toÃ¡n module case study liÃªn quan Ä‘áº¿n ai
 bÃªn cáº¡nh Ä‘Ã³ tham gia bÃ i giáº£ng nÃ y sinh viÃªn sáº½ cÃ³ cÆ¡ há»™i giao lÆ°u tháº£o luáº­n vá»›i diá»…n giáº£ vá» chá»§ Ä‘á» thÃº vá»‹ nÃ y
thÃ´ng tin bÃ i giáº£ng má»Ÿ
 Ä‘á»‘i tÆ°á»£ng tham dá»± sinh viÃªn ptit
 thá»i gian 9h00 ngÃ y 27092024
 Ä‘á»‹a Ä‘iá»ƒm há»c viá»‡n cÃ´ng nghá»‡ bÆ°u chÃ­nh viá»…n thÃ´ng
link Ä‘Äƒng kÃ½ tham gia báº£i giáº£ng má»Ÿ httpsbitly3awxscv 

trung tÃ¢m Ä‘Ã o táº¡o quá»‘c táº¿  há»c viá»‡n cÃ´ng nghá»‡ bÆ°u chÃ­nh viá»…n thÃ´ng 
 hotline 0886160606
 fanpage httpswwwfacebookcomptitcie
 clc ptit httpsclcptiteduvn
 website httpsportalptiteduvn httpscieptiteduvn
 cntt viá»‡t nháº­t httpsvjipptiteduvn
 zalo trung tÃ¢m Ä‘Ã o táº¡o quá»‘c táº¿ id 925360078735837161"
https://www.facebook.com/share/p/wnzpLB2yf5wK1zZn/,"time break at ptit 
 yagi sao Ä‘á» Ä‘Æ°á»£c vá»›i tinh tháº§n ptiters 
 
trung tÃ¢m Ä‘Ã o táº¡o quá»‘c táº¿  há»c viá»‡n cÃ´ng nghá»‡ bÆ°u chÃ­nh viá»…n thÃ´ng 
 hotline 0886160606
 fanpage httpswwwfacebookcomptitcie
 clc ptit httpsclcptiteduvn
 website httpsportalptiteduvn httpscieptiteduvn
 cntt viá»‡t nháº­t httpsvjipptiteduvn
 zalo trung tÃ¢m Ä‘Ã o táº¡o quá»‘c táº¿ id 925360078735837161"
https://www.facebook.com/share/p/keC95PmXCyURGevE/,fine
https://www.facebook.com/share/p/UeahfB4gHWL5TUHS/,content not found
https://www.facebook.com/share/p/hos8M4d1pjeKojpz/,content not found
https://www.facebook.com/share/p/Phk2NbAsWf5tjRR5/," thÆ° viá»‡n ptit thÃ´ng bÃ¡o
 báº¯t Ä‘áº§u tá»« 04092024 Ä‘áº¿n háº¿t 28022025 thÆ° viá»‡n tá»• chá»©c phá»¥c vá»¥ ngoÃ i giá» tá»« thá»© 2 Ä‘áº¿n thá»© 7 thá»i gian cá»¥ thá»ƒ nhÆ° sau
thÃ¡ng 9 10 11
tá»« thá»© 2 Ä‘áº¿n thá»© 6
sÃ¡ng 8h00  11h30
chiá»u 13h30  19h
ngÃ y thá»© 7
sÃ¡ng 8h00  11h30
chiá»u 13h30  17h
thÃ¡ng 122024 1 22025
tá»« thá»© 2 Ä‘áº¿n thá»© 6
sÃ¡ng 8h00  11h30
chiá»u 13h30  21h
ngÃ y thá»© 7
sÃ¡ng 8h00  11h30
chiá»u 13h30  17h

má»i tháº¯c máº¯c vui lÃ²ng liÃªn há»‡
 fanpage httpswwwfacebookcomptitl
 email ilcptitgmailcom
 hotline 0396 462 781"
https://www.facebook.com/share/p/21YVwWWCs82ACpCA/," Ä‘oÃ n bá»™ thÃ´ng tin vÃ  truyá»n thÃ´ng  Ä‘oÃ n thanh niÃªn há»c viá»‡n cÃ´ng nghá»‡ bÆ°u chÃ­nh viá»…n thÃ´ng bá»™i thu táº¡i lá»… trao giáº£i cuá»™c thi sÃ¡ng tÃ¡c cÃ¡c sáº£n pháº©m truyá»n thÃ´ng vá» báº£o vá»‡ ná»n táº£ng tÆ° tÆ°á»Ÿng cá»§a Ä‘áº£ng láº§n thá»© láº§n thá»© 2 nÄƒm 2024 
 thiáº¿t thá»±c ká»· niá»‡m 79 nÄƒm cÃ¡ch máº¡ng thÃ¡ng tÃ¡m thÃ nh cÃ´ng 1981945  1982024 vÃ  quá»‘c khÃ¡nh nÆ°á»›c cá»™ng hÃ²a xÃ£ há»™i chá»§ nghÄ©a viá»‡t nam 0291945  0292024 ká»· niá»‡m 55 nÄƒm thá»±c hiá»‡n di chÃºc cá»§a chá»§ tá»‹ch há»“ chÃ­ minh 1969  2024 chiá»u ngÃ y 288 táº¡i nhÃ  hÃ¡t ká»‹ch viá»‡t nam ban thÆ°á»ng vá»¥ Ä‘oÃ n khá»‘i tá»• chá»©c chÆ°Æ¡ng trÃ¬nh sinh hoáº¡t chÃ­nh trá»‹ nhá»› vá» bÃ¡c  lÃ²ng ta trong sÃ¡ng hÆ¡n trao giáº£i cuá»™c thi sÃ¡ng tÃ¡c sáº£n pháº©m truyá»n thÃ´ng vá» báº£o vá»‡ ná»n táº£ng tÆ° tÆ°á»Ÿng cá»§a Ä‘áº£ng láº§n thá»© hai nÄƒm 2024
 cuá»™c thi sÃ¡ng tÃ¡c sáº£n pháº©m truyá»n thÃ´ng vá» báº£o vá»‡ ná»n táº£ng tÆ° tÆ°á»Ÿng cá»§a Ä‘áº£ng do Ä‘oÃ n khá»‘i cÃ¡c cÆ¡ quan trung Æ°Æ¡ng tá»• chá»©c láº§n Ä‘áº§u tiÃªn vÃ o nÄƒm 2023 vá»›i má»¥c Ä‘Ã­ch tiáº¿p tá»¥c kháº³ng Ä‘á»‹nh vai trÃ² quan trá»ng cá»§a cÃ´ng tÃ¡c báº£o vá»‡ ná»n táº£ng tÆ° tÆ°á»Ÿng cá»§a Ä‘áº£ng Ä‘áº¥u tranh pháº£n bÃ¡c cÃ¡c quan Ä‘iá»ƒm sai trÃ¡i thÃ¹ Ä‘á»‹ch trong tÃ¬nh hÃ¬nh má»›i tá»« Ä‘Ã³ gÃ³p pháº§n nÃ¢ng cao nháº­n thá»©c trÃ¡ch nhiá»‡m hÃ nh Ä‘á»™ng cá»§a tá»• chá»©c Ä‘oÃ n Ä‘oÃ n viÃªn thanh niÃªn trong khá»‘i vá»›i nhiá»‡m vá»¥ báº£o vá»‡ ná»n táº£ng tÆ° tÆ°á»Ÿng cá»§a Ä‘áº£ng
cÅ©ng trong buá»•i lá»… nÃ y Ä‘oÃ n thanh niÃªn há»c viá»‡n cÃ´ng nghá»‡ bÆ°u chÃ­nh viá»…n thÃ´ng Ä‘á»“ng hÃ nh cÃ¹ng Ä‘oÃ n bá»™ thÃ´ng tin vÃ  truyá»n thÃ´ng vinh dá»± nháº­n 03 giáº£i thÆ°á»Ÿng 
1 giáº£i nháº¥t thá»ƒ loáº¡i infographic thuá»™c vá» nhÃ³m tÃ¡c giáº£ chung háº£i báº±ng nguyá»…n Ä‘Ã¬nh sÆ¡n Ä‘inh thá»‹ diá»…m quá»³nh Ä‘oÃ n bá»™ thÃ´ng tin vÃ  truyá»n thÃ´ng vá»›i tÃ¡c pháº©m nÃ³i khÃ´ng vá»›i fake news
1 giáº£i khuyáº¿n khÃ­ch thá»ƒ loáº¡i infographic 5 chá»‘ng vÃ  5 nÃªn báº£o vá»‡ ná»n táº£ng tÆ° tÆ°á»Ÿng cá»§a Ä‘áº£ng thuá»™c vá» nhÃ³m tÃ¡c giáº£ tráº§n phÆ°Æ¡ng tháº£o khá»•ng thá»‹ quá»³nh nga Ä‘oÃ n há»c viá»‡n cÃ´ng nghá»‡ bÆ°u chÃ­nh viá»…n thÃ´ng  Ä‘oÃ n bá»™ thÃ´ng tin vÃ  truyá»n thÃ´ng 
1 giáº£i khuyáº¿n khÃ­ch thá»ƒ loáº¡i video fake news  káº» thÃ¹ cá»§a ngÆ°á»i tráº» trong cÃ´ng tÃ¡c báº£o vá»‡ ná»n táº£ng tÆ° tÆ°á»Ÿng cá»§a Ä‘áº£ng thuá»™c vá» tÃ¡c giáº£ Ä‘inh thá»‹ diá»…m quá»³nh Ä‘oÃ n há»c viá»‡n cÃ´ng nghá»‡ bÆ°u chÃ­nh viá»…n thÃ´ng  Ä‘oÃ n bá»™ thÃ´ng tin vÃ  truyá»n thÃ´ng
Ä‘oÃ n thanh niÃªn há»c viá»‡n cÃ´ng nghá»‡ bÆ°u chÃ­nh viá»…n thÃ´ng vÃ  Ä‘oÃ n bá»™ thÃ´ng tin vÃ  truyá»n thÃ´ng Ä‘Ã£ kháº³ng Ä‘á»‹nh Ä‘Æ°á»£c tinh tháº§n sÃ¡ng táº¡o tiÃªn phong vÃ  trÃ¡ch nhiá»‡m trong cÃ´ng tÃ¡c báº£o vá»‡ ná»n táº£ng tÆ° tÆ°á»Ÿng cá»§a Ä‘áº£ng qua cÃ¡c sáº£n pháº©m truyá»n thÃ´ng cháº¥t lÆ°á»£ng vÃ  Ã½ nghÄ©a nhá»¯ng giáº£i thÆ°á»Ÿng nÃ y khÃ´ng chá»‰ lÃ  niá»m tá»± hÃ o mÃ  cÃ²n lÃ  minh chá»©ng rÃµ nÃ©t cho sá»± ná»— lá»±c cá»‘ gáº¯ng vÃ  lÃ²ng nhiá»‡t huyáº¿t cá»§a tuá»•i tráº» trong viá»‡c lan tá»a cÃ¡c giÃ¡ trá»‹ tá»‘t Ä‘áº¹p Ä‘áº¥u tranh chá»‘ng láº¡i cÃ¡c luáº­n Ä‘iá»‡u sai trÃ¡i thÃ¹ Ä‘á»‹ch
vá»›i tinh tháº§n khÃ¡t vá»ng  tiÃªn phong  Ä‘oÃ n káº¿t  báº£n lÄ©nh  sÃ¡ng táº¡o tuá»•i tráº» há»c viá»‡n cÃ´ng nghá»‡ bÆ°u chÃ­nh viá»…n thÃ´ng sáº½ tiáº¿p tá»¥c phÃ¡t huy khÃ´ng ngá»«ng ná»— lá»±c Ä‘á»ƒ táº¡o ra nhiá»u hÆ¡n ná»¯a nhá»¯ng sáº£n pháº©m truyá»n thÃ´ng cháº¥t lÆ°á»£ng gÃ³p pháº§n báº£o vá»‡ vÃ  phÃ¡t triá»ƒn ná»n táº£ng tÆ° tÆ°á»Ÿng cá»§a Ä‘áº£ng trong thá»i ká»³ má»›i
 má»™t láº§n ná»¯a xin chÃºc má»«ng cÃ¡c báº¡n"
https://www.facebook.com/share/p/nTwGB85tq32HibwY/,"Ä‘áº¡i há»™i Ä‘áº¡i biá»ƒu Ä‘oÃ n tncs há»“ chÃ­ minh há»c viá»‡n cÃ´ng nghá»‡ bÆ°u chÃ­nh viá»…n thÃ´ng láº§n thá»© x nhiá»‡m ká»³ 2024  2027
 chiá»u ngÃ y 248 vá»«a qua táº¡i há»™i trÆ°á»ng a2 há»c viá»‡n cÃ´ng nghá»‡ bÆ°u chÃ­nh viá»…n thÃ´ng Ä‘Ã£ tá»• chá»©c thÃ nh cÃ´ng Ä‘áº¡i há»™i Ä‘áº¡i biá»ƒu Ä‘oÃ n tncs há»“ chÃ­ minh láº§n thá»© x nhiá»‡m ká»³ 2024  2027 sá»± kiá»‡n nÃ y Ä‘Ã¡nh dáº¥u má»™t cá»™t má»‘c quan trá»ng trong sá»± phÃ¡t triá»ƒn cá»§a Ä‘oÃ n thanh niÃªn há»c viá»‡n lÃ  dá»‹p Ä‘á»ƒ nhÃ¬n láº¡i nhá»¯ng thÃ nh tá»±u Ä‘Ã£ Ä‘áº¡t Ä‘Æ°á»£c vÃ  Ä‘á» ra cÃ¡c má»¥c tiÃªu nhiá»‡m vá»¥ má»›i cho tÆ°Æ¡ng lai
 sau hai phiÃªn lÃ m viá»‡c kháº©n trÆ°Æ¡ng nghiÃªm tÃºc vÃ  Ä‘áº§y tinh tháº§n trÃ¡ch nhiá»‡m Ä‘áº¡i há»™i Ä‘Ã£ diá»…n ra thÃ nh cÃ´ng tá»‘t Ä‘áº¹p nháº­n Ä‘Æ°á»£c sá»± Ä‘á»“ng thuáº­n cao tá»« cÃ¡c Ä‘áº¡i biá»ƒu tham dá»± cuá»™c báº§u cá»­ diá»…n ra cÃ´ng khai vÃ  minh báº¡ch vá»›i sá»± hÆ°á»Ÿng á»©ng nhiá»‡t tÃ¬nh cá»§a táº¥t cáº£ cÃ¡c Ä‘áº¡i biá»ƒu Ä‘á»“ng thá»i cÅ©ng Ä‘áº¡t Ä‘Æ°á»£c sá»± nháº¥t trÃ­ vá» phÆ°Æ¡ng hÆ°á»›ng hoáº¡t Ä‘á»™ng cho nhiá»‡m ká»³ má»›i
Ä‘áº¡i há»™i Ä‘Ã£ tá»•ng káº¿t láº¡i nhá»¯ng thÃ nh tá»±u Ä‘áº¡t Ä‘Æ°á»£c Ä‘á»“ng thá»i nhÃ¬n nháº­n nhá»¯ng khÃ³ khÄƒn háº¡n cháº¿ tá»« Ä‘Ã³ Ä‘Æ°a ra phÆ°Æ¡ng hÆ°á»›ng káº¿ hoáº¡ch hoáº¡t Ä‘á»™ng cho thá»i gian sáº¯p tá»›i cÅ©ng trong khuÃ´n khá»• Ä‘áº¡i há»™i cÃ¡c Ä‘áº¡i biá»ƒu Ä‘Ã£ láº¯ng nghe vÃ  tháº£o luáº­n nhá»¯ng Ã½ kiáº¿n Ä‘Ã³ng gÃ³p quan trá»ng giÃºp nÃ¢ng cao hÆ¡n ná»¯a cháº¥t lÆ°á»£ng cÃ´ng tÃ¡c Ä‘oÃ n trong nhiá»‡m ká»³ má»›i
Ä‘áº¡i há»™i cÅ©ng Ä‘Ã£ báº§u ra ban cháº¥p hÃ nh má»›i vá»›i 25 Ä‘á»“ng chÃ­ tiÃªu biá»ƒu vá» pháº©m cháº¥t Ä‘áº¡o Ä‘á»©c tá»‘t cÃ³ nÄƒng lá»±c trÃ¬nh Ä‘á»™ cÃ³ tinh tháº§n trÃ¡ch nhiá»‡m  há»©a háº¹n lÃ  tháº¿ há»‡ tiá»m nÄƒng tiáº¿p tá»¥c dáº«n dáº¯t vÃ  phÃ¡t triá»ƒn Ä‘oÃ n thanh niÃªn há»c viá»‡n trong nhiá»‡m ká»³ 2024  2026
 má»™t láº§n ná»¯a ban tá»• chá»©c xin gá»­i lá»i cáº£m Æ¡n chÃ¢n thÃ nh Ä‘áº¿n ban cháº¥p hÃ nh nhiá»‡m ká»³ 2022  2024 vÃ¬ nhá»¯ng Ä‘Ã³ng gÃ³p to lá»›n cá»§a cÃ¡c Ä‘á»“ng chÃ­ trong nhiá»‡m ká»³ vá»«a qua chÃºc cho ban cháº¥p hÃ nh nhiá»‡m ká»³  2024  2026 sáº½ Ä‘áº¡t Ä‘Æ°á»£c nhiá»u thÃ nh cÃ´ng rá»±c rá»¡ vÃ  tiáº¿p tá»¥c Ä‘Æ°a Ä‘oÃ n há»c viá»‡n phÃ¡t triá»ƒn vá»¯ng máº¡nh
Ä‘áº¡ihá»™iÄ‘oÃ nláº§nthá»©x
tuá»•itráº»ptit

thÃ´ng tin liÃªn há»‡ Ä‘tn ptit
fanpage httpswwwfacebookcomdoanthanhnienhvcnbcvt
 email doanthanhnienptiteduvn
 hotline 0433 515 489
 Ä‘á»‹a chá»‰ phÃ²ng 111 ktx b5  há»c viá»‡n cÃ´ng nghá»‡ bÆ°u chÃ­nh viá»…n thÃ´ng"
https://www.facebook.com/share/p/ep9d5sWsB8LHz994/," ptit  ngay trÆ¡ lai 
 khi nhÆ°ng tia nÄƒng cua mua ha dÃ¢n bÆ¡t choi chang thi cung la luc cac ban sinh viÃªn quay trÆ¡ lai hoc viÃªn thÃ¢n yÃªu Ä‘Ãª tiÃªp tuc hanh trinh chinh phá»¥c tri thÆ°c
 tuÃ¢n Ä‘Ã¢u quay trÆ¡ lai trÆ°Æ¡ng mÃ´i ngÆ°Æ¡i se co cho minh cam nhÃ¢n va cam xuc riÃªng nhÆ°ng chÄƒc hÄƒn tÃ¢t ca chung ta Ä‘Ãªu chung mÃ´t khi thÃª hÃ¢n hoan va quyÃªt tÃ¢m hÃªt minh cho ky hoc sÄƒp tÆ¡i Ä‘ung khÃ´ng naoo
 bÃ¢y giÆ¡ hay cung theo chÃ¢n chung minh go cÆ°a hoi thÄƒm nhÆ°ng tÃ¢m tÆ° tinh cam cua cac ban sinh viÃªn ptit trong tuÃ¢n Ä‘Ã¢u quay trÆ¡ lai trÆ°Æ¡ng nhe
ptit backtoschool summer2024

thÃ´ng tin liÃªn há»‡ Ä‘tn ptit
 fanpage httpswwwfacebookcomdoanthanhnienhvcnbcvt
 email doanthanhnienptiteduvn
 hotline 0433 515 489
 Ä‘á»‹a chá»‰ phÃ²ng 111 ktx b5  há»c viá»‡n cÃ´ng nghá»‡ bÆ°u chÃ­nh viá»…n thÃ´ng"
