,link,comments,post_text,reacts
0,https://www.facebook.com/share/p/iAxNWnmsWA6vM6F2/,"['Cá»‘c cafe sÃ¡ng xá»©ng Ä‘Ã¡ng chÆ°a cÃ¡c PTITers Æ¡i. ChÃºc má»«ng cÃ¡c báº¡n D24. PTIT Ä‘i chuáº©n bá»‹ quÃ  chÃ o Ä‘Ã³n cÃ¡c báº¡n tá»±u trÆ°á»ng Ä‘Ã¢y', 'Báº¥t ngá» quÃ¡ nÄƒm nay siÃªu sale', 'Xin chÃºc má»«ng cÃ¡c báº¡n D24. Äá»«ng quÃªn follow fanpage ÄoÃ n thanh niÃªn Há»c viá»‡n CÃ´ng nghá»‡ BÆ°u chÃ­nh Viá»…n thÃ´ng Ä‘á»ƒ cáº­p nháº­t nhá»¯ng hoáº¡t Ä‘á»™ng thÃº vá»‹ dÃ nh cho cÃ¡c báº¡n tÃ¢n sinh viÃªn nhÃ©.', 'ÄoÃ n thanh niÃªn Há»c viá»‡n CÃ´ng nghá»‡ BÆ°u chÃ­nh Viá»…n thÃ´ng HÃ³ng chÃ o tÃ¢n nÄƒm nay quÃ¡ Ä‘i áº¡aa', 'ChÃºc má»«ng cÃ¡c báº¡n D24 PTIT', 'Ai há»c bÃ¡o chÃ­ khummm', 'Van Anh chÃ o nÃ ng', 'Nguyen Anh ThÆ¡ hÃ­', 'Van Anh tá»›', 'Thanh Mai', 'Van Anh toi', 'LÃ¢m ThÃ nh', 'Van Anh tá»› Ä‘Ã¢y', 'HÃ  Chinh', 'Tháº­t báº¥t ngá», trÆ°á»ng viáº¿t sai chÃ­nh táº£', 'Báº±ng Ä‘iá»ƒm Ä‘á»— nma sai tiÃªu chÃ­ phá»¥ nÃªn trÆ°á»£t', 'Pháº¡m BÃ¡ Tuáº¥n TÃº marketing rack cx há»c Ã \nCntt ngol hÆ¡n', 'Ä‘iá»ƒm Æ°u Ä‘Ã£i mÃ  Ä‘Ãºngg hÆ¡m', 'Nguyá»…n PhÆ°Æ¡ng Thá»§y Ã´ng bÃ  gÃ¡nh cÃ²ng lÆ°ng', 'TrÆ°á»ng lÃ¹a hsinh cháº¡y háº¿t', 'CHáº¤T LIá»†U CAO lÃ  sao shop', 'tháº¥p thÃª=)', 'tháº¥p vc', 'hÃ³ng Ä‘c gáº·p cÃ¡c bÃ© quÃ¡aaaa', 'Le Duong tá»› cÅ©ng hÃ³ng c oi', 'hÆ¡i sá»‘c nha trÆ°á»ng :)))', 'Báº¥t ngá» quÃ¡', 'ChÃºc má»«ng cÃ¡c tÃ¢n sinh viÃªn', 'CÃ´ng ThÃ nh Ä‘i há»c Ä‘eo kháº©u trang chá»© trÃ´ng Ä‘iá»ƒm ngáº¡i quÃ¡ =)))', 'sale Ã¡c quÃ¡ trÆ°á»ng oii', 'cÃ¹ng mong chá» nhá»¯ng Ä‘iá»u báº¥t ngá» PTIT sáº½ trao cho cÃ¡c em nhÃ©', 'HÆ°ng sao gÃ²i báº¡n', 'Tran ThuyLinh thiáº¿u 0.4 chá»© s bn =)))', 'TÃ¢n sv TMÄT xin Ä‘c lÃ m quen cÃ¡c báº¡n cÃ¹ng ngÃ nh áº¡', 'chÃºc má»«ng nha, cÃ¡c em Ä‘Ã£ lÃ m ráº¥t tá»‘t rá»“i', 'tháº¥p v', 'HÆ¡i báº¥t ngá»', 'TrÆ°á»ng láº¥y Ä‘iá»ƒm miá»…n thi mÃ´n ngoáº¡i ngá»¯ hay láº¥y Ä‘iá»ƒm thi thá»±c áº¡ . VÃ¬ em cÃ³ IELTS áº¡', 'HaTu NguyenLe riÃªng BCVT chá»‰ láº¥y ngoáº¡i ngá»¯ Ä‘iá»ƒm thi nhÃ©, vÃ¬ váº­y Ä‘iá»ƒm nÄƒm nÃ o cÅ©ng sÃ n sÃ n nhÆ° nÃ y, chá»© ko láº¥y Ä‘iá»ƒm quy Ä‘á»•i thi ielts', 'Kamy Le dáº¡', 'Láº¥y tháº¥p tháº¿ cÅ©ng láº¥y , máº¥t háº¿t Ä‘áº³ng cáº¥p rá»“i ptit Æ¡i', 'Há»c cÆ¡ sá»Ÿ Ä‘Ã o táº¡o á»Ÿ HÃ  ÄÃ´ng Ä‘k mn', 'ChÃºc má»«ng cÃ¡c báº¡n 2k6 Ä‘Ã£ Ä‘á»— nguyá»‡n vá»ng táº¡i PTIT nhaaa\nthay avt Ä‘á»ƒ flex thuiii\nhttps://drive.google.com/.../18s...', 'CLB Multimedia PTIT dzáº¡', 'CLB Multimedia PTIT oh clb nÃ y nhiá»‡t tÃ¬nh', 'siÃªu sale ngÃ y ráº±m', 'tiÃªu chÃ­ phá»¥ lÃ  khi Ä‘iá»ƒm thi mÃ¬nh báº±ng Ä‘iá»ƒm chuáº©n,cÃ²n hÆ¡n lÃ  khÃ´ng cáº§n Ä‘Ãºng khÃ´ng áº¡', 'Táº¡ Huy HoÃ ng chÃºc má»«ng báº¡n Ä‘á»§ Ä‘iá»ƒm Ä‘á»— nhÃ©!!', 'Tháº¥p zá»¯ sá»‘p Æ¡i =)))', 'Há»“ng NgÃ¡t Ä‘á»— khÃ´ng bÃ  Æ¡i', 'Dat Tran Xuan Ä‘á»— bÃ  Æ¡i :)) bÃ  cÅ©ng Ä‘á»— pháº£i k', 'Há»“ng NgÃ¡t tÃ´i cÅ©ng Ä‘á»— nÃ¨, vá»«a Ä‘á»§ lun :))', 'Dat Tran Xuan b cÅ©ng Ä‘á»— Ã  =))) tháº¿ mÃ¬nh xin kÃ¨o gáº·p nhau á»Ÿ cá»•ng trÆ°á»ng nhÃ©', 'Há»“ng NgÃ¡t cá»•ng trÆ°á»ng nhÃ© b Æ¡i =)))', 'Sao nÄƒm nay cÃ²n tháº¥p hÆ¡n nÄƒm ngoÃ¡i v nma Ä‘á»— cntt r :))', 'Tráº§n XuÃ¢n BÃ¡ch anh báº¡n Ä‘á»— Ä‘áº¥y ak :)) tÃ´i cx Ä‘á»— cntt', ':))))) Ä‘iá»ƒm tháº¥p ngang váº­y trÆ°á»ng', 'QuÃ  cho d24\nhttps://drive.google.com/.../18s...', 'Trangg Thuu Ãª ???', 'Tung Duong trÆ°á»ng lá»™i ngÆ°á»£c dÃ²ng :))', 'TrÆ°á»ng sale Ä‘iá»ƒm', 'Cntt cháº¥t liá»‡u cao', 'CLC lÃ  cháº¥t liá»‡u cao áº¡', 'HÃ³ng cÃ¡c bÃ© CNÄPT tá»« 17 Ä‘áº¿n giá» rÃ¹iiii', 'Tháº¿ quÃ¡i nÃ o cntt láº¡i giáº£m', 'Vinh VÅ© láº¡i pháº£i Ä‘á»—', 'VÅ© Thanh NgÃ¢n nma k vÃ o cntt', 'TrÆ°á»ng giáº£m dá»¯ váº­yyyy', 'Tráº§n Thá»‹ Tháº» chÃºc má»«ng NghÄ©a Ä‘á»— BÆ°u chÃ­nh rá»“i nha dÃ¬', 'cntt giáº£m 1 xÃ­u ha!!!', 'Sao Ä‘iá»ƒm nÃ y tháº¥p mÃ  Ä‘iá»ƒm dgnl láº¡i cao tháº¿ v sá»‘p', 'cÃ¡c bÃ¡c trol Ä‘iá»ƒm', 'Sao e hÆ¡n Ä‘iá»ƒm trÆ°á»ng mÃ  check ko tháº¥y tÃªn áº¡', 'Nguyá»…n Dung mk cx tháº¿ thá»­ Ä‘á»£i tá»›i 17h hÃ´m nay xem', 'Nguyá»…n Dung Ä‘c chÆ°a báº¡n mk cÃ³ rá»“i nÃ¨', 'Nguyá»…n Mai mÃ¬nh check Ä‘c r báº¡n áº¡', 'Ai an toÃ n thÃ´ng tin kh áº¡', 'Dinh Tuan Anh tá»› nÃ¨', 'HoÃ ng Tráº§n báº¡n Ä‘á»§ Ä‘iá»ƒm k b', 'Huy BÃ¹i táº¡ch Ä‘h rá»“i vá» Ä‘i chÄƒn bÃ² thÃ´i', 'HoÃ ng Tráº§n mÃ¬nh cÅ©ng thiáº¿u Ä‘iá»ƒm\nkhÃ´ng Ä‘Æ°á»£c lÃ m Ptiter rá»“i', 'Huy BÃ¹i máº¥y báº¡n nÄƒm sau thi tiáº¿p ko, chá»© t muá»‘n Ä‘i há»c quÃ¡', 'Äá»— Háº£o Äáº­u chÆ°a b', 'NgÃ´ TrÃ­ HoÃ ng hÃªn quÃ¡ tÃ­ thÃ¬ trÆ°á»£t']"," Há»ŒC VIá»†N CÃ”NG NGHá»† BÆ¯U CHÃNH VIá»„N THÃ”NG CÃ”NG Bá» ÄIá»‚M TRÃšNG TUYá»‚N NÄ‚M 2024
 Há»™i Ä‘á»“ng tuyá»ƒn sinh Há»c viá»‡n CÃ´ng nghá»‡ BÆ°u chÃ­nh Viá»…n thÃ´ng thÃ´ng bÃ¡o káº¿t quáº£ xÃ©t tuyá»ƒn há»‡ Ä‘áº¡i há»c chÃ­nh quy nÄƒm 2024 dá»±a trÃªn káº¿t quáº£ thi THPT nÄƒm 2024, CÆ¡ sá»Ÿ Ä‘Ã o táº¡o phÃ­a Báº¯c (mÃ£ trÆ°á»ng: BVH) .
 ThÃ­ sinh tra cá»©u káº¿t quáº£ xÃ©t tuyá»ƒn trÃªn há»‡ thá»‘ng tuyá»ƒn sinh chung cá»§a Bá»™ GD&ÄT theo Ä‘á»‹a chá»‰: https://thisinh.thitotnghiepthpt.edu.vn 
 Há»c viá»‡n tá»• chá»©c nháº­p há»c cho cÃ¡c tÃ¢n sinh viÃªn vÃ o cÃ¡c ngÃ y 6,7/9. Follow fanpage Ä‘á»ƒ cáº­p nháº­t thÃ´ng tin chi tiáº¿t.
LÆ°u Ã½: CÃ¡c thÃ­ sinh trÃºng tuyá»ƒn pháº£i hoÃ n thÃ nh viá»‡c xÃ¡c nháº­n nháº­p há»c (trÃªn há»‡ thá»‘ng tuyá»ƒn sinh chung cá»§a Bá»™ GD&ÄT) trÆ°á»›c khi lÃ m thá»§ tá»¥c nháº­p há»c.
 CHÃšC Má»ªNG D24 PTITERS !!!
Xem chi tiáº¿t táº¡i: https://portal.ptit.edu.vn/hoc-vien-cong-nghe-buu-chinh.../
â€”â€”â€”â€”â€”â€”â€”â€”â€”â€”â€”â€”â€”â€”â€”â€”â€”â€”â€”â€”â€”â€”â€”â€”â€”â€”-
Há»ŒC VIá»†N CÃ”NG NGHá»† BÆ¯U CHÃNH VIá»„N THÃ”NG
Trá»¥ sá»Ÿ chÃ­nh: 122 HoÃ ng Quá»‘c Viá»‡t, P.NghÄ©a TÃ¢n, Q.Cáº§u Giáº¥y, HÃ  Ná»™i.
Há»c viá»‡n CÆ¡ sá»Ÿ táº¡i TPHCM: 11 Nguyá»…n ÄÃ¬nh Chiá»ƒu, P. ÄaKao, Quáº­n 1, ThÃ nh phá»‘ Há»“ ChÃ­ Minh.
CÆ¡ sá»Ÿ ÄÃ o táº¡o táº¡i HÃ  Ná»™i: Km10 ÄÆ°á»ng Nguyá»…n TrÃ£i, P.Má»™ Lao, Q.HÃ  ÄÃ´ng, HÃ  Ná»™i.
CÆ¡ sá»Ÿ ÄÃ o táº¡o táº¡i TP.HCM: ÄÆ°á»ng Man Thiá»‡n, TP Thá»§ Äá»©c, TP.Há»“ ChÃ­ Minh.
â–º Fanpage: https://facebook.com/HocvienPTIT
â–º Tuyá»ƒn sinh: https://tuyensinh.ptit.edu.vn/
â–º Youtube: https://www.youtube.com/@PChannels
â–º Website: https://portal.ptit.edu.vn",523
1,https://www.facebook.com/share/p/nxB8iuuSmVkYbLFZ/,"['CÃ²n 2 cÃ¢y bÃ ng bÃªn hÃ´ng pháº£i nhÃ  a2 ná»¯a mÃ  ad', 'CÃ¢y sÆ°a cÃ²n á»•n khum', ""LÆ°u Thá»‹ Nguyá»‡t Anh á»•nn't"", 'LÆ°u Thá»‹ Nguyá»‡t Anh may quÃ¡, em nÃ³ váº«n á»•n Ä‘á»ƒ cÃ²n cÃ³ chá»— cho cÃ¡c anh chá»‹ sv check in', 'Há»c viá»‡n CÃ´ng nghá»‡ BÆ°u chÃ­nh Viá»…n thÃ´ng - PTIT trá»™m vÃ­a chá»© hoa rÃµ Ä‘áº¹p luÃ´n ad', 'giá»‘ng phim kinh dá»‹ quÃ¡ áº¡', 'Mai nháº­p há»c chá»‰ Ä‘á»•i ngÃ y cÃ²n giá» váº«n giá»¯ nguyÃªn áº¡ ad', 'Háº­u Lee vÃ¬ chá»‰ cÃ²n sá»‘ Ã­t sv chÆ°a nháº­p há»c nÃªn em Ä‘áº¿n nháº­p há»c vÃ o buá»•i sÃ¡ng Ä‘Æ°á»£c nhÃ©', 'Há»c viá»‡n CÃ´ng nghá»‡ BÆ°u chÃ­nh Viá»…n thÃ´ng - PTIT tháº¿ lÃ  buá»•i chiá»u cÃ³ Ä‘Æ°á»£c nháº­p há»c ná»¯a khÃ´ng váº­y áº¡', 'HÃ³a ra há»c phÃ­ bá»n e Ä‘áº·t á»Ÿ Ä‘Ã¢y..', 'Minh Hue Bui nÄƒm sau cÃ´ trÃ² mÃ¬nh háº¿t chá»¥p áº£nh báº±ng lÄƒng oyyyy', 'HoÃ ng Háº£i LÃ½ váº«n cÃ²n nhiá»u mÃ , nÃ³ tháº¥p nÃªn Ä‘á»¡ hÆ¡n cÃ¡c cÃ¢y cao', ':,))) Ä‘Ã¡ á»‘p tÆ°á»ng cÅ©ng k yÃªn háº£', 'Mong trÆ°á»ng sá»›m chá»¯a lÃ nh', 'Pháº¡m VÄƒn PhÃºc thá»i gian sáº½ chá»¯a lÃ nh má»i váº¿t thÆ°Æ¡ng em áº¡', 'May quÃ¡ vá»£ khÃ´ng bá»‹ lsao', 'cá»©u em mn Æ¡i há»c zoom 3h mÃ  baaaayh em ko tÃ¬m Ä‘c link áº¡ huhu']","CÃ“ Má»˜T PTIT Ráº¤T KHÃC
Trong ngÃ y 07/9, cÆ¡n bÃ£o sá»‘ 3 (tÃªn quá»‘c táº¿ lÃ  bÃ£o Yagi) Ä‘Ã£ quÃ©t qua nhiá»u Ä‘á»‹a phÆ°Æ¡ng táº¡i Miá»n Báº¯c, trong Ä‘Ã³ Háº£i PhÃ²ng, Quáº£ng Ninh chá»‹u thiá»‡t háº¡i náº·ng ná» nháº¥t. HÃ  Ná»™i cÅ©ng chá»‹u nhiá»u áº£nh hÆ°á»Ÿng, thiá»‡t háº¡i tá»« cÆ¡n bÃ£o nÃ y. Trong khi HÃ  Ná»™i nÃ³i chung vÃ  Há»c viá»‡n CÃ´ng nghá»‡ BÆ°u chÃ­nh Viá»…n thÃ´ng CÆ¡ sá»Ÿ HÃ  ná»™i nÃ³i riÃªng Ä‘ang kháº¯c phá»¥c dáº§n cÃ¡c thiá»‡t háº¡i do bÃ£o, Ä‘á» nghá»‹ sinh viÃªn Há»c viá»‡n tÃ­ch cá»±c kháº¯c phá»¥c khÃ³ khÄƒn trong há»c táº­p sau bÃ£o do nhá»¯ng thiá»‡t háº¡i vá» cÆ¡ sá»Ÿ váº­t cháº¥t cá»§a Há»c viá»‡n; lÆ°u Ã½ háº¡n cháº¿ lÆ°u thÃ´ng táº¡i cÃ¡c khu vá»±c Ä‘ang bá»‹ thiá»‡t háº¡i, cÃ³ cáº£nh bÃ¡o nguy hiá»ƒm, khÃ´ng an toÃ n 
    Page Há»c viá»‡n CÃ´ng nghá»‡ BÆ°u chÃ­nh Viá»…n thÃ´ng cÅ©ng xin Ä‘Æ°á»£c chuyá»ƒn lá»i thÄƒm há»i ban Ä‘áº§u tá»« táº­p thá»ƒ LÃ£nh Ä‘áº¡o Há»c viá»‡n tá»›i toÃ n thá»ƒ gia Ä‘Ã¬nh cÃ¡c sinh viÃªn chá»‹u thiá»‡t háº¡i do bÃ£o, Ä‘áº·c biá»‡t lÃ  cÃ¡c sinh viÃªn táº¡i Háº£i phÃ²ng vÃ  Quáº£ng Ninh. CÃ¡c sinh viÃªn cÃ³ khÃ³ khÄƒn cáº§n trá»£ giÃºp Ä‘áº·c biá»‡t do gia Ä‘Ã¬nh bá»‹ thiá»‡t háº¡i do bÃ£o liÃªn há»‡ vá»›i PhÃ²ng ChÃ­nh trá»‹ vÃ  CÃ´ng tÃ¡c Sinh viÃªn, email: ctsv@ptit.edu.vn Ä‘á»ƒ Há»c viá»‡n cÃ³ thÃ´ng tin vÃ  pháº§n nÃ o chia sáº» khÃ³ khÄƒn vá»›i gia Ä‘Ã¬nh. 
TrÃ¢n trá»ng!
#fromptitwithlove #ptit
â€”â€”â€”â€”â€”â€”â€”â€”â€”â€”â€”â€”â€”â€”â€”â€”â€”â€”â€”â€”â€”â€”â€”â€”â€”â€”-
Há»ŒC VIá»†N CÃ”NG NGHá»† BÆ¯U CHÃNH VIá»„N THÃ”NG
Trá»¥ sá»Ÿ chÃ­nh: 122 HoÃ ng Quá»‘c Viá»‡t, P.NghÄ©a TÃ¢n, Q.Cáº§u Giáº¥y, HÃ  Ná»™i.
Há»c viá»‡n CÆ¡ sá»Ÿ táº¡i TPHCM: 11 Nguyá»…n ÄÃ¬nh Chiá»ƒu, P. ÄaKao, Quáº­n 1, ThÃ nh phá»‘ Há»“ ChÃ­ Minh.
CÆ¡ sá»Ÿ ÄÃ o táº¡o táº¡i HÃ  Ná»™i: Km10 ÄÆ°á»ng Nguyá»…n TrÃ£i, P.Má»™ Lao, Q.HÃ  ÄÃ´ng, HÃ  Ná»™i.
CÆ¡ sá»Ÿ ÄÃ o táº¡o táº¡i TP.HCM: ÄÆ°á»ng Man Thiá»‡n, TP Thá»§ Äá»©c, TP.Há»“ ChÃ­ Minh.
â–º Fanpage: https://facebook.com/HocvienPTIT
â–º Tuyá»ƒn sinh: https://tuyensinh.ptit.edu.vn/
â–º Youtube: https://www.youtube.com/@PChannels
â–º Website: https://portal.ptit.edu.vn",95
2,https://www.facebook.com/share/p/yFcRj6AHU95ZbSkh/,[],"CÃ²n nguyÃªn 
áº¢nh tá»« cmt gr",4
3,https://www.facebook.com/share/p/c8V8f2orZDw7kXNF/,[],"CÃ²n nguyÃªn 
áº¢nh tá»« cmt gr",4
4,https://www.facebook.com/share/p/fmAPJcuWPrYseJyz/,[],Content not found,0
5,https://www.facebook.com/share/p/c6xbsBifdKiyMGCc/,[],Content not found,0
6,https://www.facebook.com/share/p/GZW4oiuALgWD1xXa/,"['Báº¡n nÃ o vÃ´ tÃ¬nh va pháº£i QR thÃ¬ cap láº¡i rá»“i cmt cho má»i ngÆ°á»i chia vui nhÃ©. Äá»«ng quÃªn quÃ©t nhanh káº»o biáº¿n máº¥t, cÆ¡ há»™i vá»¥t qua', 'Há»c viá»‡n CÃ´ng nghá»‡ BÆ°u chÃ­nh Viá»…n thÃ´ng - PTIT QUÃŠN MK R H SAO ÄÃ‚Y A', 'NÃ“NG: cÃº quÃ©t mÃ£ Ä‘áº§u tiÃªn Ä‘áº¿n tá»« N.Q.T.A sinh viÃªn D23, Ä‘áº³ng cáº¥p lÃ  Ä‘Ã¢y', 'ChÆ¡i game xanh chÃ­n nÃ o cÃ¡c báº¡n Æ¡i. 5 báº¡n nghi váº¥n hack Ä‘iá»ƒm vá» 0 tráº£i nghiá»‡m tá»« Ä‘áº§u nhÃ©', 'Ä‘á» cá»­ Game of the year', 'Quáº£ game cho quáº£ mÃª cung khÃ³ Ä‘iÃªn', 'TrÆ°Æ¡ng Quá»‘c Báº£o hÃ£y Ä‘á»ƒ Ã½ nhá»¯ng thá»© xung quanh ngoÃ i tÆ°á»ng tráº¯ng Ä‘á»ƒ tÆ°á»Ÿng tÆ°á»£ng ra sÆ¡ Ä‘á»“ nhÃ©. Cá»‘ lÃªn', 'TrÆ°Æ¡ng Quá»‘c Báº£o Ä‘Ã¢u cÅ©ng cÃ³ máº·t :<', 'game Ä‘á»‰nh vl máº¥y con gÃ  biáº¿t gÃ¬', 'Äinh SÆ¡n TÃ¹ng mÃª tháº­t, tÃ´i chÆ¡i k biáº¿t chÃ¡n', 'Game cÃ³ Ä‘Ã¡nh boss hay sinh tá»“n cháº¡y bo ko áº¡', 't cáº§n 1 video giá»›i thiá»‡u cÃ¡ch táº£i :)) t quÃ¡ lÃ  mÃ¹ cÃ´ng nghá»‡ rá»“i', 'Thanh TÃ¢m mac Ä‘Ãºng k mac thÃ¬ k cháº¡y dc Ä‘Ã¢u\nCÃ i win giáº£ láº­p áº¥y :)))\nToi vá»«a cÃ i xong', 'Nguyá»…n Huyá»n thoi t tá»« bá» rá»“i :)))', 'Thanh TÃ¢m â€¦ tráº£i nghiá»‡m thÃ¬ vÃ´ sá»‘ nma cÃ i win thÃ¬ nguyÃªn buá»•i chiá»u :)))', 'Thanh TÃ¢m cÃ i win áº£o vÃ o mÃ¡y Ä‘i tÃ¢m', 'HÆ°á»ngg thoi lÆ°á»i láº¯m :))', 'Game nÃ y cÃ³ PvP khÃ´ng áº¡', 'Nguyen Anh Tuáº¥n cÃ³ pvp báº£n reality báº¡n nhÃ©', 'Nguyen Anh Tuáº¥n Ä‘Ã²i há»i quÃ¡ váº­y', 'NhÃ¢n váº­t cá»§a em vá»«a Ä‘Ã³i vá»«a bá»‹ káº¹t trong mÃª cung, cá»©u em vá»›i', 'CÃ³ link náº¡p k shop', 'TrÆ°á»ng tÃ¢m lÃ½ tháº­t Ä‘ang há»c onl tung quáº£ game nÃ y', 'CHÃšNG TA CÃ“ Pá»œ TÃT SIMULATOR TRÆ¯á»šC GTA 6', 'Thá»© tÃ´i cáº§n lÃ  1 em NPC animi chá»© nÃ y trÃ´ng creepy quÃ¡ Ä‘i Ã  :>', 'ai lÃ m video walkthrough Ä‘i xem kÃ© :))', 'huhu Äƒn quáº£ ngáº¥t trá»« point cÄƒng quÃ¡', 'mÃ¬nh muá»‘n náº¡p Ä‘á»ƒ Ä‘ua top thÃ¬ vÃ o link nÃ o áº¡', 'Game cÃ³ sÆ¡n skin tÄƒng dame ko áº¡', 'Bui Thanh Son phai phai Ã  =)))', 'Bui Thanh Son kháº£ nÄƒng pháº£i sÄƒn boss láº¥y Ä‘iá»ƒm rÃ¨n luyá»‡n, náº¡p tháº» cÆ°á»ng hÃ³a tháº» sinh viÃªn lÃªn báº¡c kim cÆ°Æ¡ng cÃ¡c kiá»ƒu ná»¯a', 'Nguyá»…n Tháº¿ QuÃ½ :))) Náº¡p láº§n Ä‘áº§u cÃ³ Ä‘Æ°á»£c trang bá»‹ siÃªu cáº¥p tá»‘i thÆ°á»£ng, 5 triá»‡u Ä‘iá»ƒm sá»©c máº¡nh, vÅ© khÃ­ hiáº¿m khum', 'NhÆ° Nguyá»…n HÃ  :))))))) t se xoa pub doi sang cay rank nay', 'MÃª cung khÃ³ quÃ¡ pháº£i bug thÃ´i :)))', 'game nÃ y cÃ³ nhá»¯ng gamemode gÃ¬ áº¡', 'Game cÃ³ náº¡p vip kiáº¿m qr code vip buff Ä‘rl k Ä‘á»ƒ e kÃªu cno náº¡p :)))', 'chs Ä‘c trÃªn Ä‘t k áº¡', 'k Ä‘Äƒng nháº­p dc:))', 'game cÃ³ multiplayer khÃ´ng áº¡ =))', 'Game cÃ³ náº¡p láº§n Ä‘áº§u ko áº¡', '=)))) trÆ°á»ng thÃº vá»‹ quÃ¡ áº¡', 'CÃ³ náº¡p láº§n Ä‘áº§u k v', 'Tháº¿ lÃ  khá»i sá»£ thiáº¿u Ä‘rl', 'GTA 6 gá»i báº±ng cá»¥', 'CÃ³ náº¡p láº§n Ä‘áº§u khÃ´ng áº¡', 'choi chong mat vl cuu', 'cÃ¡c ngÃ i cho e há»i vá»‹ trÃ­ cá»§a 15 sao áº¡, em tÃ¬m tháº¥y cÃ³ 14 cÃ¡i', 'Pháº¡m Quá»‘c Tuáº¥n xung quanh trÆ°á»ng + 2 cÃ¡i trong mÃª cung = 14 cÃ¡i pko', 'Nguyá»…n Tháº¿ DÆ°Æ¡ng ko tÃ­nh 2 cÃ¡i trong mÃª cung luÃ´n Ã¡', 'Äc liÃªn há»‡ nháº­n quÃ  nÃ y quen quÃ¡ :))))', 'Äáº­u Äáº­u Æ¡ kÃ¬a fen =))))', 'Confession má»›i cho mn muá»‘n há»i gÃ¬ mÃ  ngáº¡i nhee\nLink Page bÃªn dÆ°á»›i', 'Admin Æ¡i mÃ£ sinh viÃªn cá»§a e ai láº¥y r áº¥y. VÃ´ Ä‘ki nÃ³ báº£o bá»‹ trÃ¹ng mÃ£ sv', 'KhÃ´ng Ä‘Äƒng nháº­p Ä‘Æ°á»£c shop Æ¡i', 'Náº¡p vip á»Ÿ Ä‘Ã¢u áº¡ :)) vá»›i em lá»¡ cáº¯t cá»¥t cÃ¡i thanh stamina Ä‘i cháº¯c lÃ  váº«n tÃ­nh há»£p lá»‡ nhá»‰', 'Game cut scene 5p khÃ´ng skip nÃªn em Ä‘Ã¡nh giÃ¡ 1 sao nhÃ©', 'The Sims báº£n lá»—i', 'Chs Ä‘c trÃªn Ä‘thoai k áº¡', 'file cÃ³ hÃ¬nh toÃ  A2 lÃ  cÃ¡i File nÃ o váº­y huhu trÆ°á»ng Æ¡ii', 'cÃ³ hÃ¡ch inf Ä‘iá»ƒm rÃ¨n luyá»‡n ko a', 'Ä‘á»c láº¡ prir', 'Ko cÆ°á»›p xe Ä‘c áº¡', 'Äá»™c láº¡ PTIT', 'KhÃ´ng táº£i Ä‘Æ°á»£c áº¡', 'Em tiá»n Ä‘Ã¬nh sau khi giáº£i mÃª cung', 'trÃ´ng sá»£ sá»£ thÃ© áº¡', 'Sao file táº£i nÃ³ k cháº¡y v áº¡', 'cÃ y rank cÃ y rank', 'LÆ°u PhÆ°Æ¡ng giá»‘ng game cá»§a illusion tháº¿ nhá»‰', 'Nguyá»…n Trung Äá»©c há»c viá»‡n táº¡o matrix cho sinh viÃªn Ã ?', 'Nguyá»…n Trung Äá»©c hoÃ i niá»‡m k e', 'Nguyá»…n ToÃ n Ã¡m áº£nh vl :))', 'DÃ¹ng mac táº£i kiá»ƒu gÃ¬ váº­y mn', 'TunahNot Tuna cho ng tá»‘i cá»• tÃ¬m tá»±a game nÃ¨ =))', 'Ngá»c TrÃ¢m thÃ¡nh kÃ¬u', 'ÄÃ£ ngáº¯m trÆ°á»ng trá»±c tiáº¿p giá» cÃ²n cÃ³ pháº£i ngáº¯m trÆ°á»ng online ná»¯a Ã  :)))', 'kiáº¿m mÃ£i Ä‘c hÆ¡n 200 trá»« phÃ¡t cÃ²n cÃ³ trÄƒm quÃ¡ cÄƒng r ai biáº¿t cÃ¡ch cÃ y khÃ´ng chá»‰ em vá»›i áº¡', 'MÃ£ nÃ y lÃ  1.4 áº¡?', 'Háº¡nh Há»“ng Ä‘Ãºng r em', 'TÃ¢m Nguyá»…n mÃ¬nh thÃªm cáº£ 2.3 ná»¯a Ä‘Æ°á»£c kh? Em Ä‘ang thiáº¿u 2.3 tráº§m trá»ng', 'TÃ¢m Nguyá»…n cho e xin key vá»›i :>', 'Nguyen Manh Tan =))) yÃªu trÆ°á»ng Ä‘i em, tá»± chÆ¡i Ä‘i lÃ m gÃ¬ cÃ³ key', 'TÃ¢m Nguyá»…n em yÃªu trÆ°á»ng r, chá»‹ cÆ¡ cáº¥u key cho em iii', 'Háº¡nh Há»“ng t khÃ´ng táº£i Ä‘Æ°á»£ccc, giáº£i nÃ©n xong nÃ³ ra cÃ¡i gÃ¬ áº¥y Ä‘Ã¹ mÃ¡', 'Thanh TÃ¢m ngÆ°á»i chÆ¡i há»‡ Mac lÃ m sao mÃ  hiá»ƒu Ä‘c', 'Háº¡nh Há»“ng cháº£ láº½ láº¡i cÃ i win vá» mÃ¡y thÃ¬ láº¡i lÃ²ng vÃ²ng', 'Nguyá»…n VÄƒn QuÃ½ sáº¿p báº£o mac thÃ¬ ngá»“i lÆ°á»›t fb Ä‘i thÃ´i :)))', 'Háº¡nh Há»“ng cÃ³ mÃ£ cho báº¡n vá»›i nhÃ©', 'Mai test láº¡i, t chÆ°a biáº¿t chÆ¡i', 'Háº¡nh Há»“ng cÃ²n t thÃ¬ chÆ°a táº£i Ä‘Æ°á»£c :)))', 'gÃ³p Ã½ lÃ  game giáº­t giáº­t nhÆ° faifai nha ad\ncÃ¡c gameplay quÃ¡ máº¥t tg Ä‘á»ƒ cÃ³ thá»ƒ chÆ¡i', 'ÄÃ¢y rá»“ii', 'ThÃ´ng Chu cÃ y game nÃ y Ä‘i cáº­u', 'Thiá»‡n Äinh game of the year', 'ThÃ´ng Chu bmw tuá»•i', 'Goty 2024 Ä‘Ã¢y rá»“i', 'Nguyá»…n Tháº¿ Chiáº¿n anh Æ¡i gÃªm nÃ y cÃ³ quáº£ng cÃ¡o ko anh', 'Há»“ng PhÃºc Nguyá»…n PhÆ°Æ¡ng Tháº£o PhÃ²ng Ä‘á»•i thÃ nh game nÃ y chÆ¡i Ä‘i', 'Yáº¿n Vy b tháº¥y sao =))))))', 'Nguyá»…n My B cÃ²n ko giáº£i nÃ©n Ä‘c\nMuá»‘n thá»­ ko bro', 'Yáº¿n Vy nhÃ  cá»­a báº¡n Ä‘á»¡ lá»¥t tÃ´i sang ngá»§ trÆ°a chá»© nÃ©n ná»§ng gÃ¬ =))', 'Cho nhÃ¢n váº­t Äƒn kiá»ƒu gÃ¬', 'Quá»³nh Chi Ä‘ua top Ä‘i....\nRá»“i láº¥y quÃ  cho bá»‘ nhÃ© con', ""Vu Thu Hienn dm cho vÃ o cÃ¡i mÃª cung Ä‘i háº¿t 6' váº«n vá» vá»‹ trÃ­ ban Ä‘áº§u=)))"", 'Quá»³nh Chi trg Ã¡c=))', 'Nguyá»…n Minh trÆ°á»ng m cháº¥t v', 'QuÃª máº­t kháº©u thÃ¬ sao áº¡', 'Tran Tiáº¿n Anh em nÃ y kiáº¿m Ä‘Æ°á»£c máº¥y mÃ£ qr rá»“i?', 'Cáº§n láº¯m chá»— Ä‘á»•i mk', 'sao game e vÃ o nÃ³ cá»© bá»‹ á»Ÿ mh chá»', 'Táº£i kiu j z mn', 'goty 2024', 'Äáº·ng ThÃ¡i SÆ¡n ? Vua trÃ² chÆ¡i ko tháº¥y trÃªn bxh vÃ¢yh', 'Kim Jong Hiá»‡p ngáº¡o nghá»… trÆ°á»ng cÃ³ game cÃ y rank kiáº¿m Ä‘iá»ƒm rl', 'Äinh Quang Huy leo rank cÃ y Ä‘iá»ƒm rÃ¨n luyá»‡n thÃ´i em', 'Pham Huy game nÃ y xá»©ng Ä‘Ã¡ng goat', 'Máº¡nh QuÃ¢nn leo rank kiáº¿m drl :))', 'An Nguyá»…n vip chx drl lÃ  chuyá»‡n nhá» :))', 'KÃ­nh ThÃ nh b rank Ä‘á»“ng 2 ah', 'Nhat Ngo Hong cÃ²n chÆ°a Ä‘á»§ cáº¥p cÃ³ rank cáº­u Æ¡i', 'Nguyá»…n QuÃ¢n nÃ y cÃ y rank', 'PhÆ°Æ¡ng Nhi NgÃ´ lÃªn cao thá»§ chÆ°a bÃ©', 'Pháº¡m Hiáº¿u cho tk nhÃ¢n váº­t Äƒn kiá»ƒu gÃ¬ váº­y a e sáº¯p ngáº¥t cháº¿t Ä‘Ã³i r, nhiá»u bug quÃ¡', 'Quang Huy náº¡p tiá»n Ä‘á»ƒ há»“i sá»©c a nhÃ©', 'LÃª Háº£i chÆ¡i game cÃ²n cÃ³ Ä‘iá»ƒm rÃ¨n luyá»‡n', 'Pháº¡m HÃ¹ng Nguyá»…n Long vÃ o nhÃ³t top 3 nÃ o cÃ¡c tÃ¬nh yÃªu', 'Äáº·ng Duy KhÃ¡nh :))))) nganh game nay', 'Háº£i TriÃªu nÃ y anh', 'Tuan Quoc leo rank kÃ¬a', 'cháº£', 'Äá»©c TÃ i Äá»— HoÃ ng PhÃºc bá» liqi Ä‘i báº¡n,cÃ y cÃ¡i nÃ y nÃ y', 'XuÃ¢n Äáº¡t ngao nghe ptit', 'Äá»— Danh DÅ©ng chacchannanhuzayzoi', 'Nguyá»…n Thanh TÃ¹ng bá» cÃ y LQ thÃ´i', 'Nguyá»…n Thá»‹ Háº£i DuyÃªn khÃ³ Ä‘áº¥y', 'HÃ  Linh Nhi Nguyá»…n Tiáº¿n Háº£i 2 vua trÃ² chÆ¡i thá»­ sá»©c xem(?)', 'PhÆ°Æ¡ng Su kÃ¬ trc Ä‘iá»ƒm t yáº¿u kÃ©m nha', 'Nguyá»…n VÄƒn HoÃ ng cÅ©ng Ã­t trÃ² láº¯m', 'ÄÃ o XuÃ¢n Mai phÃ²ng CT&CTSV Ä‘á»‰nk ma', '---{ Audience }---\nâ˜ Kids\nâ˜ Teensâ€¦ Xem thÃªm', 'Bui Phuc', 'Bui Phuc', 'Bui Phuc LÃ¡o vocung', 'Nguyá»…n Kháº£i lÃ m thá»­ Ä‘i', 'Duc AnhTráº§n Nam leo top thoi cac em', 'NguyÃªn An quit', 'Duc Anh +1', 'Chu Quang Long táº£i Ä‘i mai chÆ¡i', 'HÆ°Æ¡ng Giang LÃª VÆ°Æ¡ng Há»“ng Háº¡nh sÄƒn Ä‘rl kÃ¬', 'Tráº§n Linh k giáº£i nÃ©n Ä‘c táº­p tin bay oi', 'Tráº§n Linh Bá» lq r cÃ y game nÃ y Ä‘i m', 'HÆ°Æ¡ng Giang LÃª game nÃ y ko chá»­i nhau giá»‘ng lq Ä‘c', 'ÄÃ´ Duy QuÃ¢n Nguyá»…n LÃ¢m VÄ© Nguyá»…n Quang Huy Ä‘ua top thÃ´i :)))', 'Tháº¡ch VÄƒn KhiÃªm nhanh káº»o máº¥t top', 'Game cÃ³ há»‡ thá»‘ng náº¡p láº§n Ä‘áº§u, náº¡p vjp sÆ¡n sÃ¬ kin tÄƒng dmg, tÄƒng tá»‰ lá»‡ ná»• chÃ­ máº¡ng Ä‘iá»ƒm rÃ¨n luyá»‡n khÃ´ng áº¡\nEm há»i há»™ tháº±ng báº¡n', 'Cháº¥t Lá»ng Phi Newton ThÆ° Minhh lÃªn ae', 'Tá»‘ UyÃªn Ä‘Ã¢y nÃ¨ Ä‘Ã¢y nÃ¨', 'DÆ°Æ¡ng Ah NgÅ© Ä‘á»™c láº¡ k báº¡n', 'Tháº¿ HÃ¹ng leo rank thoi b', 'Nguyá»…n VÄƒn GiÃ¡p lÃ m Ä‘i', 'HoÃ ng Háº£o crash game cmnr', 'Linh Nhi cÃ y cho tao', 'Ng Äá»©c Nguyá»…n Minh Tunáº¥ Kiá»‡t gÃ´', 'Nguyá»…n Quá»‘c Huy cÃºt', 'Nguyá»…n Quá»‘c Huy Ä‘Æ°á»£c cá»™ng Ä‘iá»ƒn rÃ¨n luyá»‡n Ã ', 'Nguyá»…n Háº¡nh absolute cinema', 'Nguyen Phong tuyet doi dien anh', 'Tráº§n Tiáº¿n DÅ©ng kÃ¬a', 'LÃª Báº£o ko cháº¡y Ä‘c', 'Tráº§n DÅ©ng test di eim', 'náº¡p láº§n Ä‘áº§u Ä‘Æ°á»£c vip máº¥y tháº¿ shop?', 'Duy KhÃ¡nh cÃ³ náº¡p láº§n Ä‘áº§u khÃ´ng tháº§y', 'Nguyá»…n Doanh nÃ o nÃ o, Ä‘á»ƒ im cho admin thá»Ÿ =))) lá»™ liá»…u tháº¿ nÃ y cháº¿t', 'Duy KhÃ¡nh Em tháº¥y pháº§n liÃªn há»‡ quen láº¯m', 'Nguyá»…n DÆ°á»£c Anh Minh', 'Cung Äáº¡t oge', 'Quang Ngoc Nguyen', 'Nguyen TMinh Nguyet', 'XuÃ¢n BÃ¡ch', 'PhÆ°Æ¡ng Thuá»·', '???', '?', 'Tháº¿ VÄƒn', 'LÃª VÄƒn GiÃ¡o', 'LÃª TrÃºc nghá»‹ch linh tinh. Táº£i vá» cho nhÃ­m vs sÃ³c lÃ m thay cá»¥ Ä‘i', 'Ngá»c Huyá»n Tráº§n Linh', 'Sang Tráº§n mÆ¡', 'BÃ¹i Ngá»c Linh Ãª Ãª', 'Há»“ Thá»‹ Thanh Hoa chÃºc m may máº¯n', 'BÃ¹i Ngá»c Linh cÃ¡i t chÃº Ã½ lÃ  QR Ä‘rl', 'Há»“ Thá»‹ Thanh Hoa cá»‘ lÃªn, há»c viá»‡n sáº½ má»‰m cÆ°á»i vá»›i báº¡n thoi ><', 'Shiro Neko( :', 'Hirosaki Kusaka tháº¥y r ;-;', 'Shiro Neko Tag Ä‘á»ƒ má»Ÿ báº±ng lap : D', 'Quang Huy VÅ©', ':))', 'LÃª Äá»©c Thá»', 'Tráº§n ÄÃ¬nh Anh ?', 'KiÃªn Jong Un kiá»ƒu chi cÅ©ng pháº£i cÃ³ Ä‘iá»ƒm rÃ¨n luyá»‡n', 'Tráº§n ÄÃ¬nh Anh Qr trong tay nháº­n ngay Ä‘iá»ƒm 10 Ã ', 'HÆ°ng HoÃ ng Ãª', 'Game nÃ y cÃ³ chÆ¡i Ä‘c trÃªn Ä‘t k áº¡', 'XuÃ¢n Äáº¡o cÃ³ báº£n hack k', 'cÃ³ mÃºt nÃ³t =))', 'GOTY 2024', 'Äá»©c Phan ptit in my mind', 'Äá»‰nh Ä‘iÃªn, há»c phÃ­ 1tr/tÃ­n cÅ©ng nguyá»‡n há»c', 'Ãnh DÆ°Æ¡ng Nguyá»…n Thanh dÃ´ fen', 'Tráº§n Huy check', 'Nguyá»…n Pháº¡m Yáº¿n BÃ¬nh. Äá»™c láº¡', 'Táº¥n VÃ¢n Minh ... :))']","Sá»” TAY ÄIá»†N Tá»¬ PTIT - Há»ŒC Háº¾T MÃŒNH, CHÆ I Háº¾T Náº¤C
 Sau nhá»¯ng láº§n review game trÃ¡ hÃ¬nh, PTIT-ers Ä‘ang ráº¥t mong Ä‘á»£i rÃ¹i pháº£i khÃ´ng 
 Äá»ƒ tiá»‡n cho cÃ¡c báº¡n sinh viÃªn thoáº£ sá»©c khÃ¡m phÃ¡ Ä‘áº·c biá»‡t lÃ  cÃ¡c báº¡n D24, má»i thÃ´ng tin vá» Há»c viá»‡n sáº½ Ä‘Æ°á»£c cung cáº¥p Ä‘áº§y Ä‘á»§ trong ""Sá»• tay Ä‘iá»‡n tá»­ PTIT""
 HÆ°á»›ng dáº«n tham gia game: 
B1: Táº£i file trÃªn link drive Ä‘Ã­nh kÃ¨m, giáº£i nÃ©n táº­p tin Ä‘Ã£ táº£i.
B2: Má»Ÿ thÆ° má»¥c Ä‘Ã£ giáº£i nÃ©n vÃ  cháº¡y file PTIT.exe cÃ³ hÃ¬nh ToÃ  A2 Há»c viá»‡n
B3: Khi vÃ o giao diá»‡n game, sinh viÃªn Ä‘Äƒng kÃ½ theo MSV cá»§a mÃ¬nh (Ä‘á»ƒ Ä‘ua rank nháº­n quÃ ), ngoÃ i ra cÃ³ thá»ƒ Ä‘Äƒng kÃ½ account báº¥t ká»³ Ä‘á»ƒ tráº£i nghiá»‡m.
B4: ÄÄƒng nháº­p vÃ  tráº£i nghiá»‡m theo hÆ°á»›ng dáº«n. Sau khi hoÃ n thiá»‡n sinh viÃªn báº¥m lÆ°u thÃ´ng tin Ä‘á»ƒ ghi danh trÃªn báº£ng rank
 CÃ¡c báº¡n lÆ°u Ã½: Lá»t Top 3 game nÃ y sáº½ Ä‘Æ°á»£c nháº­n 1 pháº§n quÃ  siÃªu khá»§ng cá»§a Há»c viá»‡n Ä‘Ã³ nha 
 Game thÃ¬ khÃ´ng cÃ³ jumpscare nhÆ°ng máº¥y cÃ¡i mÃ£ QR cÃ³ thá»ƒ xuáº¥t hiá»‡n báº¥t cá»© lÃºc nÃ o nÃªn cÃ¡c báº¡n cá»© chuáº©n bá»‹ tinh tháº§n nha
 HÃ¬nh thá»©c nháº­n quÃ : 
- Má»—i tuáº§n sáº½ reset báº£ng rank, top 3 sinh viÃªn Ä‘áº§u báº£ng, qua giai Ä‘oáº¡n kiá»ƒm tra thÃ´ng tin sáº½ Ä‘Æ°á»£c nháº­n quÃ .
 LiÃªn há»‡ nháº­n quÃ : Nguyá»…n Duy KhÃ¡nh - 038.876.4641 (PhÃ²ng CT&CTSV)
 Äang mÆ°a giÃ³, bÃ£o lÅ© chá»‰ cáº§n á»Ÿ nhÃ  mÃ  cÅ©ng cÃ³ thá»ƒ chÆ¡i game vá»«a há»c thÃªm Ä‘Æ°á»£c nhiá»u kiáº¿n thá»©c vá»«a Ä‘Æ°á»£c nháº­n quÃ  cá»§a PTIT, cÃ²n cháº§n chá» chi cÃ¡c báº¡n sinh viÃªn Æ¡ii leo rank vÃ  nháº­n quÃ  thÃ´i 
PhiÃªn báº£n cháº¡y thá»­ Ä‘ang trong thá»i gian thá»­ nghiá»‡m, Ä‘á»ƒ cÃ¹ng chung tay gÃ³p sá»©c, xin gá»­i tá»›i cÃ¡c báº¡n sinh viÃªn cá»•ng Ä‘Ã¡nh giÃ¡, gÃ³p Ã½ vá» game Ä‘á»ƒ hoÃ n thiá»‡n vÃ  phÃ¡t triá»ƒn hÆ¡n:
https://forms.gle/5gFuy7iLgq8gm7as5
Link drive táº£i game:
https://drive.google.com/.../1acyjsRPySGmvIQHDZNPseug8AVS...
â€”â€”â€”â€”â€”â€”â€”â€”â€”â€”â€”â€”â€”â€”â€”â€”â€”â€”â€”â€”â€”â€”â€”â€”â€”â€”-
Há»ŒC VIá»†N CÃ”NG NGHá»† BÆ¯U CHÃNH VIá»„N THÃ”NG
Trá»¥ sá»Ÿ chÃ­nh: 122 HoÃ ng Quá»‘c Viá»‡t, P.NghÄ©a TÃ¢n, Q.Cáº§u Giáº¥y, HÃ  Ná»™i.
Há»c viá»‡n CÆ¡ sá»Ÿ táº¡i TPHCM: 11 Nguyá»…n ÄÃ¬nh Chiá»ƒu, P. ÄaKao, Quáº­n 1, ThÃ nh phá»‘ Há»“ ChÃ­ Minh.
CÆ¡ sá»Ÿ ÄÃ o táº¡o táº¡i HÃ  Ná»™i: Km10 ÄÆ°á»ng Nguyá»…n TrÃ£i, P.Má»™ Lao, Q.HÃ  ÄÃ´ng, HÃ  Ná»™i.
CÆ¡ sá»Ÿ ÄÃ o táº¡o táº¡i TP.HCM: ÄÆ°á»ng Man Thiá»‡n, TP Thá»§ Äá»©c, TP.Há»“ ChÃ­ Minh.
â–º Fanpage: https://facebook.com/HocvienPTIT
â–º Tuyá»ƒn sinh: https://tuyensinh.ptit.edu.vn/
â–º Youtube: https://www.youtube.com/@PChannels
â–º Website: https://portal.ptit.edu.vn",260
7,https://www.facebook.com/share/p/ioQqgTZwz1jTYxoe/,[],Content not found,0
8,https://www.facebook.com/share/p/kiVn7km7CB8sSLjU/,[],"#ptit20394  
MÃ¬nh khÃ¡ bá»©c xÃºc vá» khoáº£n dá»‹ch vá»¥ cá»§a trÆ°á»ng, trÆ°á»›c thÃ¬ tháº¥y vá»¥ nháº­n báº±ng cá»§a cÃ¡c anh chá»‹ khÃ³a trÃªn cÅ©ng cháº­m cháº¡p, nhÆ° 1 anh mÃ¬nh quen khÃ³a trÆ°á»›c ra trÆ°á»ng cÅ©ng vÃ¬ cÃ¡i tá»™i trÆ°á»ng lÃ¢u tráº£ báº±ng mÃ  máº¥t bao nhiÃªu cÆ¡ há»™i viá»‡c lÃ m ngon, vÃ  rá»“i cÃ¡i gÃ¬ tá»›i cÅ©ng Ä‘Ã£ tá»›i giá» tá»›t lÆ°á»£t mÃ¬nh, mÃ¬nh Ä‘ang á»©ng tuyá»ƒn vÃ o 1 vá»‹ trÃ­ cá»§a 1 táº­p Ä‘oÃ n nhÃ  nÆ°á»›c cÅ©ng ráº¥t lá»›n vÃ  sau thá»i gian thi tuyá»ƒn há» báº¯t ná»™p báº£ng Ä‘iá»ƒm cÃ³ dáº¥u cá»§a nhÃ  trÆ°á»ng vá»›i thá»i háº¡n khÃ¡ ngáº¯n. Äen thay Ä‘Ãºng vÃ o Ä‘á»£t nhÃ  trÆ°á»ng cáº­p nháº­t Ä‘iá»ƒm  vÃ  cÃ¢u tráº£ lá»i tá»« nhÃ  trÆ°á»ng lÃ  Ä‘á»£i tá»›i táº­n ná»­a thÃ¡ng.
 Trong thá»i gian cáº­p nháº­t ráº¥t dÃ i tháº¿ trÆ°á»ng khÃ´ng cÃ³ thÃ´ng bÃ¡o qua cá»•ng thÃ´ng tin nÃ o Ä‘á»ƒ cho sinh viÃªn cÃ³ nguyá»‡n vá»ng cáº§n thiáº¿t Ä‘á»ƒ tranh thá»§ trÆ°á»›c thá»i gian Ä‘Ã³. Giá» mÃ¬nh rÆ¡i vÃ o tráº¡ng thÃ¡i ""tiáº¿n thoÃ¡i lÆ°á»¡ng nan"" tiáº¿n lÃªn thÃ¬ khÃ´ng Ä‘Æ°á»£c mÃ  lÃ¹i láº¡i cÅ©ng khÃ´ng xong, doanh nghiá»‡p thÃ¬ Ä‘Ã²i gáº§n nhÆ° pháº£i cÃ³ luÃ´n cÃ²n trÆ°á»ng thÃ¬ thá»i gian ngáº¯n thÃ¬ khÃ´ng thá»ƒ cÃ³, cháº¯c cÅ©ng ráº¥t nhiá»u a/c/e, báº¡n cÅ©ng vÃ  Ä‘Ã£ rá»i vÃ o trÆ°á»ng há»£p tÆ°Æ¡ng tá»± nhÆ° nÃ y. 
MÃ¬nh khÃ´ng muá»‘n bÃ³c phá»‘t trÆ°á»ng nhÆ°ng thá»±c sá»± nhÃ  trÆ°á»ng cÃ²n quÃ¡ báº¥t cáº­p trong viá»‡c giÃºp táº¡o Ä‘iá»u kiá»‡n cho cÃ´ng viá»‡c cá»§a sinh viÃªn trÆ°á»ng, cá»© thá»­ nhÃ¬n cÃ¡c trÆ°á»ng khÃ¡c dá»‹ch vá»¥ nhÆ° tháº¿ vÃ  nhÃ¬n vá» trÆ°á»ng mÃ¬nh thÃ¬ Ä‘Ãºng chÃ¡n. Má»™t pháº§n lá»—i cÅ©ng do mÃ¬nh khÃ´ng chuáº©n bá»‹ giáº¥y tá» sá»›m. ÄÃ¢y cÃ³ thá»ƒ Ä‘Ã¢y lÃ  Ã½ kiáº¿n chá»§ quan cá»§a mÃ¬nh mong má»i ngÆ°á»i hoan há»‰.",0
9,https://www.facebook.com/share/p/bgPm9GgP1L4U3RZp/,"['Sinh viÃªn giá» giá»‘ng khÃ¡ch hÃ ng nhá»‰. Em cÃ³ nguyá»‡n vá»ng hay Ä‘Ã³ng gÃ³p gÃ¬ thÃ¬ liÃªn há»‡ trá»±c tiáº¿p vá»›i Há»c viá»‡n nha\nVá» cháº¥t lÆ°á»£ng Ä‘Ã o táº¡o cá»§a cÃ¡c Khoa, ngÃ nh, chÆ°Æ¡ng trÃ¬nh Ä‘Ã o táº¡o Ä‘Ã£ cÃ³ cÃ¡c Ä‘Æ¡n vá»‹ tháº©m Ä‘á»‹nh Ä‘Ã¡nh giÃ¡ cháº¥t lÆ°á»£ng.\nTá»± do ngÃ´n luáº­n lÃ  con dao hâ€¦ Xem thÃªm', 'Duy KhÃ¡nh báº¡n cá»© bá»‹ lÃ³i chuáº©n tháº¿ nháº©u', 'nháº¯n tin, gá»i Ä‘iá»‡n mÃ  trÆ°á»ng khÃ´ng tráº£ lá»i luÃ´n Ã¡:)) mÃ£i chÃª... mÃ  biáº¿t sao giá», lá»¡ Ä‘Ã³ng há»c phÃ­ r mÃ :)))', 'quáº£ Ä‘iá»ƒm chuáº©n thÃ¬ Ä‘Ãºng lÃ  muá»™n tháº­t nhÆ°ng muá»™n so vá»›i trÆ°á»ng khÃ¡c chá»© kh muá»™n deadline nÃªn cÅ©ng kh trÃ¡ch Ä‘Æ°á»£c =))) trÆ°á»ng há»£p lá»—i há»‡ thá»‘ng thÃ¬ trá»™m vÃ­a t kh dÃ­nh, cÃ¡i mÃ  há»“ sÆ¡ kh há»£p lá»‡ t chá»‰ dÃ­nh lÃºc trÆ°á»ng chÆ°a cÃ´ng bá»‘ Ä‘iá»ƒm chuáº©n th =))) muá»™n so vá»›iâ€¦ Xem thÃªm', 't váº«n Ä‘ang yÃªu trÆ°á»ng nÃªn má»‘t cÃ³ gÃ¬ t chá»­i sau hihi =))) trong chÄƒn má»›i biáº¿t chÄƒn cÃ³ ráº­n Ä‘Ã¢u trÆ°á»ng nÃ o hoÃ n háº£o Ä‘Æ°á»£c 100%', 'ChÃª ráº¥t nhiá»u tá»« cÃ¡c cá»±u sinh vien nhÆ°ng cÃ¡c báº¡n váº«n Ä‘Ã¢m Ä‘áº§u vÃ o há»c thÃ¬ chá»‹u thÃ´i chá»© trÃ¡ch ai :))', 'á»¦a chuyá»‡n quÃ¡ bÃ¬nh thÆ°á»ng á»Ÿ trÆ°á»ng luÃ´n áº¥y. KhÃ´ng Ä‘á»c review Ã ', 'trÆ°á»ng k cÃ³ nhiá»u Ä‘iá»ƒm Ä‘Ã¢u.em trá»« tháº¿ nÃ y cháº¯c Ã¢m cmn máº¥t :))', 'Ká»³ sau giáº­t Ä‘c cÃ¡i hb lÃ  láº¡i yÃªu trÆ°á»ng ngay Ã½ mÃ  , yÃªn tÃ¢m', 'Ai sá»£ thÃ¬ Ä‘i vá», ko nháº­p há»c', 'ThÃ´i thÃ¬ chÃºc may máº¯n trong 5 nÄƒm tá»›i nhÃ© =)))', 'á»§ng há»™ báº¡n thi láº¡i nhÃ©,mÃ¬nh hÃ¨n láº¯m', 'Váº¯ng má»£ chá»£ váº«n Ä‘Ã´ng', 'Äinh Tháº¯ng TuÃ¢n Äá»— trÆ°á»ng P tháº­t Ä‘Ã¡ng sá»£', 'Tráº§n Phong báº¡n code láº¡i cÃ¡i web cho trÆ°á»ng Ä‘Ã ng hoÃ ng Ä‘i báº¡n', 'Tráº§n Phong mÃ£i yÃªu PTIT', 'Ngh Hiá»n Mai Háº¡nh yÃªu trÆ°á»ng vl huhu:))', 'HÃ  PhÆ°Æ¡ng yÃªu mÃ  :))', 'Chuyá»‡n bÃ¬nh thÆ°á»ng thÃ´i', 'Quá»³nh Em c báº£o c yÃªu trÆ°á»ng cho mn tin Ä‘i =))', 'CÃ¡c gÆ°Æ¡ng máº·t má»›i cá»§a group Há»™i anti HV cÃ´ng nghá»‡ BÆ¯U ÄIá»†N Ä‘Ã£ xuáº¥t hiá»‡n:>', 'Tháº¯ng Äá»— Äá»©c', 'K há»c thÃ¬ cÃºt. KÃªu kÃªu cÃ¡i ná»“n']","#ptit20391   
Niá»m vui Ä‘á»— Ä‘áº¡i há»c vÃ  niá»m tá»± hÃ o Ä‘Æ°á»£c lÃ  Ptiter Ä‘ang ngÃ y cÃ ng giáº£m sÃºt theo cÃ¡i cÃ¡ch mÃ  HV Ä‘á»‘i xá»­ vá»›i tÃ¢n SV:
- Máº¥t Ä‘iá»ƒm láº§n má»™t: CÃ´ng bá»‘ Ä‘iá»ƒm chuáº©n quÃ¡ cháº­m. KhÃ´ng biáº¿t HV ngÃ¢m Ä‘iá»ƒm chuáº©n Ä‘á»ƒ cÃ´ng bá»‘ cÃ³ lá»£i Ã­ch gÃ¬ chá»© tÃ¢n sinh viÃªn chá»‰ thÃªm cÄƒng tháº³ng vÃ  tháº¥t vá»ng vÃ¬ kháº£ nÄƒng quyáº¿t Ä‘á»‹nh cá»§a HV. Trong khi báº¡n bÃ¨ vÃ  cÃ¡c trÆ°á»ng khÃ¡c cÃ´ng bá»‘ Ä‘iá»ƒm chuáº©n ráº§n ráº§n thÃ¬ HV váº«n im lÃ¬m cá»‘ thá»§, tÃ¢n SV pháº£i vÃ o web cá»§a Bá»™ xem káº¿t quáº£ thay vÃ¬ vÃ o trang web cá»§a HV.
- Máº¥t Ä‘iá»ƒm láº§n 2: Pháº§n má»m xÃ¡c nháº­n nháº­p há»c online thÃ¬ lá»—i nhoe, khi thÃ¬ bÃ¡o Ä‘á»— thÃ nh trÆ°á»£t, khi thÃ¬ bÃ¡o há»“ sÆ¡ khÃ´ng há»£p lá»‡, khi thÃ¬ bÃ¡o khÃ´ng tháº¥y mÃ¡y chá»§. Tháº¥y quáº£ng cÃ¡o HV cÃ´ng nghá»‡ hay lÃ  Ä‘áº¡i há»c sá»‘ gÃ¬ mÃ  cÃ¡i pháº§n má»m tuyá»ƒn sinh cÅ©ng khÃ´ng dÃ¹ng Ä‘Æ°á»£c.
- Máº¥t Ä‘iá»ƒm láº§n 3: Há»c phÃ­ Ä‘Ã£ cao thÃ¬ chá»›, láº¡i cá»™ng luÃ´n há»c phÃ­ 7.5TC quÃ¢n sá»± vÃ o báº¯t ná»™p luÃ´n, Ä‘Ãºng gÃ¢y sá»‘c cho gia Ä‘Ã¬nh tÃ¢n SV mÃ . Náº¿u tÃ¡ch pháº§n há»c phÃ­ quÃ¢n sá»± Ä‘áº¥y ra cho SV ná»™p vÃ o khi báº¯t Ä‘áº§u há»c, khi nháº­p há»c chá»‰ pháº£i ná»™p HP khÃ´ng tÃ­nh QS thÃ¬ tháº¥p hÆ¡n, cÃ³ pháº£i giÃ£n Ã¡p lá»±c cho gia Ä‘Ã¬nh bá»n em khÃ´ng, mÃ  HV váº«n thu Ä‘Æ°á»£c Ä‘á»§ khÃ´ng, mÃ  tÃ¢n SV cÅ©ng Ä‘á»¡ bá»‹ sá»‘c rá»“i Ä‘á»¡ tuyÃªn truyá»n xáº¥u cho hÃ¬nh áº£nh HV khÃ´ng?
- CÃ³ khi nÃ o cÃ²n máº¥t Ä‘iá»ƒm láº§n n khÃ´ng? 
RÃµ rÃ ng HV cÃ³ Ä‘Ã o táº¡o ngÃ nh truyá»n thÃ´ng, ngÃ nh quan há»‡ cÃ´ng chÃºng mÃ  lÃ m truyá»n thÃ´ng lá»—i tháº¿ nÃ y, quan há»‡ cÃ´ng chÃºng lá»—i tháº¿ nÃ y thÃ¬ Ä‘i dáº¡y SV tháº¿ nÃ o? tá»± nhiÃªn láº¡i phÃ¢n vÃ¢n cÃ³ nÃªn nháº­p há»c khÃ´ng ná»¯a?""",26
10,https://www.facebook.com/share/p/GXu8ydwu4bUzJ4vV/,"['link khÃ´ng vÃ o Ä‘Æ°á»£c ad Æ¡i', 'HoÃ ng Nguyá»…n CIE Ä‘Ã£ nháº¯n tin há»— trá»£ em. Em check nhÃ©']","BÃ€I GIáº¢NG Má»: ğ“ğ‡ğ„ ğ…ğ”ğ“ğ”ğ‘ğ„ ğğ… ğˆğğ“ğ„ğ‹ğ‹ğˆğ†ğ„ğğ‚ğ„: ğ„ğ—ğğ‹ğğ‘ğˆğğ† ğ“ğ‡ğ„ ğˆğŒğğ€ğ‚ğ“ ğğ… ğ€ğˆ ğğ ğğ”ğ‘ ğ–ğğ‘ğ‹ğƒ
 Há»c viá»‡n CÃ´ng nghá»‡ BÆ°u chÃ­nh Viá»…n ThÃ´ng phá»‘i há»£p Äáº¡i há»c Huddersfield tá»• chá»©c BÃ i giáº£ng má»Ÿ â€œThe Future of Intelligence: Exploring the Impact of AI on Our Worldâ€ vá»›i sá»± gÃ³p máº·t cá»§a diá»…n giáº£ Ä‘áº¿n tá»« Äáº¡i há»c Huddersfield, VÆ°Æ¡ng quá»‘c Anh. 
 Diá»…n giáº£ bÃ i giáº£ng: GiÃ¡o sÆ° Rupak Kharel â€“ TrÆ°á»Ÿng khoa CNTT vÃ  Ká»¹ thuáº­t, Äáº¡i há»c Huddersfield, VÆ°Æ¡ng quá»‘c Anh
BÃ i giáº£ng sáº½ mang Ä‘áº¿n nhá»¯ng kiáº¿n thá»©c vÃ´ cÃ¹ng há»¯u Ã­ch cho sinh viÃªn vá»: 
 Sá»± phÃ¡t triá»ƒn cá»§a TrÃ­ tuá»‡ nhÃ¢n táº¡o vÃ  nhá»¯ng tÃ¡c Ä‘á»™ng cá»§a AI Ä‘áº¿n má»i máº·t trong cuá»™c sá»‘ng
 Tiá»m nÄƒng cá»§a AI trong thÃºc Ä‘áº©y sÃ¡ng táº¡p, tá»± Ä‘á»™ng hoÃ¡ cÃ´ng viá»‡c vÃ  nhá»¯ng thÃ¡ch thá»©c trong viá»‡c quáº£n lÃ½ sá»± phÃ¡t triá»ƒn cá»§a trÃ­ tuá»‡ nhÃ¢n táº¡o
 CÃ¹ng diá»…n giáº£ tÃ¬m hiá»ƒu, phÃ¢n tÃ­ch cÃ¡c Thuáº­t toÃ¡n/ Module/ Case study liÃªn quan Ä‘áº¿n AI
 BÃªn cáº¡nh Ä‘Ã³, tham gia bÃ i giáº£ng nÃ y, sinh viÃªn sáº½ cÃ³ cÆ¡ há»™i giao lÆ°u, tháº£o luáº­n vá»›i diá»…n giáº£ vá» chá»§ Ä‘á» thÃº vá»‹ nÃ y
ThÃ´ng tin BÃ i giáº£ng má»Ÿ:
 Äá»‘i tÆ°á»£ng tham dá»±: Sinh viÃªn PTIT
 Thá»i gian: 9h00 ngÃ y 27/09/2024
 Äá»‹a Ä‘iá»ƒm: Há»c viá»‡n CÃ´ng nghá»‡ BÆ°u chÃ­nh Viá»…n thÃ´ng.
LINK ÄÄ‚NG KÃ THAM GIA Báº¢I GIáº¢NG Má»: https://bit.ly/3AWxsCV 
-------------------
TRUNG TÃ‚M ÄÃ€O Táº O QUá»C Táº¾ - Há»ŒC VIá»†N CÃ”NG NGHá»† BÆ¯U CHÃNH VIá»„N THÃ”NG 
â–º Hotline: 088.616.0606
â–º Fanpage: https://www.facebook.com/ptit.cie
â–º CLC PTIT: https://clc.ptit.edu.vn/
â–º Website: https://portal.ptit.edu.vn/; https://cie.ptit.edu.vn/
â–º CNTT Viá»‡t Nháº­t: https://vjip.ptit.edu.vn
â–º Zalo: Trung tÃ¢m ÄÃ o táº¡o Quá»‘c táº¿ (ID: 925360078735837161)",2 bÃ¬nh luáº­n
11,https://www.facebook.com/share/p/wnzpLB2yf5wK1zZn/,[],"Time break at PTIT 
 Yagi sao Ä‘á» Ä‘Æ°á»£c vá»›i tinh tháº§n PTIT-ers 
 -------------------
TRUNG TÃ‚M ÄÃ€O Táº O QUá»C Táº¾ - Há»ŒC VIá»†N CÃ”NG NGHá»† BÆ¯U CHÃNH VIá»„N THÃ”NG 
â–º Hotline: 088.616.0606
â–º Fanpage: https://www.facebook.com/ptit.cie
â–º CLC PTIT: https://clc.ptit.edu.vn/
â–º Website: https://portal.ptit.edu.vn/; https://cie.ptit.edu.vn/
â–º CNTT Viá»‡t Nháº­t: https://vjip.ptit.edu.vn
â–º Zalo: Trung tÃ¢m ÄÃ o táº¡o Quá»‘c táº¿ (ID: 925360078735837161)",0
12,https://www.facebook.com/share/p/keC95PmXCyURGevE/,"['Game khÃ³ quÃ¡ ai lÃ m video walkthrough Ä‘c ko @@', 'Game nhÆ° háº¡ch, Ä‘Äƒng nháº­p cÃ²n Ä‘Ã©o vÃ o Ä‘c', 'HoÃ ng Tráº§n Phong cÃ³ vÃ o Ä‘c Ä‘Ã¢u', 'Cao Nguyen táº£i ve chÆ¡i Ä‘c mÃ©o Ä‘Ã¢u', 'Diá»‡u Linh cÃ´ gá»­i cho tÃ´i Ä‘k', 'Anh Duong tÃ´i cx Ä‘c nháº­n tá»« ngkhac mÃ , zÃ´ tá»™i', 'Diá»‡u Linh hÃ³a ra muá»‘n cháº¿t chung', 'Anh Duong\ncoÃ¡ bit gÃ¬ Ä‘Ã¢u', '???', 'Tran Quoc Anh hoang mang quÃ¡ áº¡', 'Dvan ÄÆ°á»£c ngÃ¡o luÃ´n', 'Dáº¡ vÃ¢ng em biáº¿t lá»—i rá»“i', 'Tráº§n Diá»…m Kiá»u dá»‘i trÃ¡', 'ÄÃ m Quá»‘c Hiá»‡u má»™t phÃºt láº§m lá»¡:(((', 'Tráº§n Diá»…m Kiá»u chuá»µ hÆ° quÃ© chuá»µ oi', 'Em xin lá»—i mÃ  trá»i Æ¡i', 'VÄƒn HoÃ ng sÃ¡ng nay vá»«a quÃ©t xong', 'Tráº§n TÃº kh khÃ¡c nhau', 'VÄƒn HoÃ ng trá»i huhu', 'Tráº§n Ngá»c trá»i huhu', 'Ráº¥t lÃ²ng vÃ²ng', 'Khanh Toan trÃ¢n trá»ng', 'Tráº§n PhÆ°Æ¡ng Khang háº£ hoang mang v', 'KhÃ¡nh Linh cá»‘ cÃ y game thÃ´i b', 'Nguyenn Anh Tu thÃ­ch crack game k', 'Äáº·ng Äá»©c TÃ i sisi']",Fine,70 bÃ¬nh luáº­n
13,https://www.facebook.com/share/p/UeahfB4gHWL5TUHS/,"['', 'Há»c PTIT dá»… láº¯m', 'Dá»… Ä‘Ã³ng máº¥y cá»§ hÃ£ :))', 'Dá»… há»c láº¡i ha', 'Pháº¡m LannAnhh Nguyá»…n Nhung dá»… cho trÆ°á»ng thÃ nh tone cam chÃ¡y', 'Dá»… máº¥t tiá»n :))', 'Tháº­t khÃ´ng Ä‘á»ƒ Ä‘i Ä‘á»“n', 'lÃ¹a gÃ  nÃ¨', 'Ad cÃ³ phÃ©t k taa???', 'Thk nÃ o Ä‘á»“n', 'dá»… há»c láº¡i']",Content not found,9 bÃ¬nh luáº­n
14,https://www.facebook.com/share/p/hos8M4d1pjeKojpz/,"['', 'TrÆ°á»ng tÄƒng há»c phÃ­\nCháº¯c chÃ o tÃ¢n má»i J97 rá»“i', 'riel', 'Ä‘Ãºng gu owO', 'CÆ°á»ng Nguyá»…n chá»“ng chá»‹ mÃ  dÃ¡m tranh Ã  e', 'NgÃ´ Thá»‹ Há»“ng Háº¡nh m tranh chá»“ng t Ã  con lá»£n nÃ y', 'trg Ã©o Ä‘áº§n Ä‘áº¿n z Ä‘Ã¢u', 'mua lightstick thÃ´i', 'Vipppp', 'HÃ  Kim Dung mua lightstick Ä‘i quáº©y Ä‘i dung', 'BÃ­ch Ngá»c dung Ä‘áº·t 1 bÃ¬ rÃ²i, chia má»—i ae má»—i cÃ¡i =))', 'HÃ  Kim Dung cáº£ lÃ² cáº£m Æ¡n Dung', 'Má»—i ngÃ nh tÄƒng 5 cá»§ lÃ  vá»«a', 'Mai Hoa thiÃªn lÃ½ Æ¡i em cÃ³ thá»ƒ á»Ÿ láº¡i Ä‘Ã¢y khÃ´ng', 'ÄoÃ n Tháº£o Ä‘Ã£ he, Ä‘Ã£ he, mua lightstick chÆ°a', 'Mai Hoa ch j Ä‘Ã£ tháº¥y phÃ¡t sÃ¡ng', 'Tuáº¥n PhÃ¹ng mua lightstick chÆ°a cÃ²n váº«y :)))', 'Giang An Lan nÃ y pháº£i 2 cÃ¡i 2 tay =))', 't mua sáºµn 3 cÃ¡i lighstick rá»“i chá»‰ chá» a jack thÃ´i', 'Minh QuÃ¢n bÃ¡n ráº» cho 1 cÃ¡i Ä‘i chÃº', 'Minh QuÃ¢n ... cá»§a m cx to Ä‘áº¥y nhá»‰ cáº¯m Ä‘c 3 cÃ¡i luÃ´n mÃ ', 'ÄoÃ n Tháº£o thiÃªn lÃ½ Æ¡i', 'Há»“ng NgÃ¡t mÃª nha mÃª nha', 'ÄoÃ n Tháº£o cho tiá»n mua lightstick dáº©y Ä‘Ãª', 'Há»“ng NgÃ¡t Äƒn c*op Ä‘i', 'ÄoÃ n Tháº£o há»c thuá»™c bÃ i trc Ä‘i']",Content not found,42
15,https://www.facebook.com/share/p/Phk2NbAsWf5tjRR5/,"['Äáº¿n ThÆ° viá»‡n há»c bÃ i thui nÃ o cÃ¡c báº¡n Æ¡iiiiii', '@ngÆ°á»i theo dÃµi', 'Nice', 'Niceeeee', 'Likeee', 'Mai Hoa tá»‘i ra ThÆ° viá»‡n há»c nhÃ©, 0 gáº·p 0 vá»', 'Tráº§n Nguyá»‡t', 'QuÃ¡ tuá»µt luÃ´n áº¡', 'Quang Minh', 'má»Ÿ buá»•i trÆ°a Ä‘i áº¡', 'Nguyá»…n Thá»‹ Lan nguyá»‡n hiáº¿n dÃ¢ng 2 tiáº¿ng chÆ¡i bá»i má»—i ngÃ y cá»§a NTL Ä‘á»ƒ Ä‘á»•i láº¥y 2 tiáº¿ng má»Ÿ buá»•i trÆ°a cá»§a TV', 'PhÆ°Æ¡ng Linh Tuyá»‡t vá»i']"," THÆ¯ VIá»†N PTIT THÃ”NG BÃO
 Báº¯t Ä‘áº§u tá»« 04/09/2024 Ä‘áº¿n háº¿t 28/02/2025, ThÆ° viá»‡n tá»• chá»©c phá»¥c vá»¥ ngoÃ i giá» tá»« thá»© 2 Ä‘áº¿n thá»© 7, thá»i gian cá»¥ thá»ƒ nhÆ° sau:
ThÃ¡ng 9, 10, 11:
Tá»« thá»© 2 Ä‘áº¿n thá»© 6
SÃ¡ng 8h00 - 11h30
Chiá»u: 13h30 - 19h
NgÃ y thá»© 7
SÃ¡ng: 8h00 - 11h30
Chiá»u: 13h30 - 17h
ThÃ¡ng 12/2024; 1, 2/2025:
Tá»« thá»© 2 Ä‘áº¿n thá»© 6
SÃ¡ng 8h00 - 11h30
Chiá»u: 13h30 - 21h
NgÃ y thá»© 7
SÃ¡ng: 8h00 - 11h30
Chiá»u: 13h30 - 17h
___________________________________
Má»i tháº¯c máº¯c vui lÃ²ng liÃªn há»‡:
 Fanpage: https://www.facebook.com/ptitl
 Email: ilcptit@gmail.com
 Hotline: 0396 462 781",19 bÃ¬nh luáº­n
16,https://www.facebook.com/share/p/21YVwWWCs82ACpCA/,"['Äinh Diá»…m Quá»³nh giá»i láº¯m nha', 'Fan 2 chá»‹ Thao TranPhuong Quá»³nh Nga', 'PhÆ°Æ¡ng Tháº£o Quá»³nh Nga chÃºng mÃ¬nh cÃ³ nhauu', 'TranPhuong Thao siÃªu', 'TranPhuong ThaoÄang ngá»“i cáº¡nh nhau', 'Quá»³nh Nga']"," ÄoÃ n Bá»™ ThÃ´ng tin vÃ  Truyá»n thÃ´ng - ÄoÃ n Thanh niÃªn Há»c viá»‡n CÃ´ng nghá»‡ BÆ°u chÃ­nh Viá»…n thÃ´ng bá»™i thu táº¡i Lá»… trao giáº£i Cuá»™c thi SÃ¡ng tÃ¡c cÃ¡c sáº£n pháº©m truyá»n thÃ´ng vá» báº£o vá»‡ ná»n táº£ng tÆ° tÆ°á»Ÿng cá»§a Äáº£ng láº§n thá»© láº§n thá»© 2, nÄƒm 2024 
 Thiáº¿t thá»±c ká»· niá»‡m 79 nÄƒm CÃ¡ch máº¡ng ThÃ¡ng TÃ¡m thÃ nh cÃ´ng (19/8/1945 - 19/8/2024) vÃ  Quá»‘c khÃ¡nh nÆ°á»›c Cá»™ng hÃ²a xÃ£ há»™i chá»§ nghÄ©a Viá»‡t Nam (02/9/1945 - 02/9/2024); ká»· niá»‡m 55 nÄƒm thá»±c hiá»‡n Di chÃºc cá»§a Chá»§ tá»‹ch Há»“ ChÃ­ Minh (1969 - 2024), chiá»u ngÃ y 28/8 táº¡i NhÃ  hÃ¡t Ká»‹ch Viá»‡t Nam, Ban ThÆ°á»ng vá»¥ ÄoÃ n Khá»‘i tá»• chá»©c ChÆ°Æ¡ng trÃ¬nh sinh hoáº¡t chÃ­nh trá»‹ â€œNhá»› vá» BÃ¡c - LÃ²ng ta trong sÃ¡ng hÆ¡nâ€, trao giáº£i Cuá»™c thi sÃ¡ng tÃ¡c sáº£n pháº©m truyá»n thÃ´ng vá» báº£o vá»‡ ná»n táº£ng tÆ° tÆ°á»Ÿng cá»§a Äáº£ng láº§n thá»© hai, nÄƒm 2024.
 Cuá»™c thi sÃ¡ng tÃ¡c sáº£n pháº©m truyá»n thÃ´ng vá» báº£o vá»‡ ná»n táº£ng tÆ° tÆ°á»Ÿng cá»§a Äáº£ng do ÄoÃ n Khá»‘i cÃ¡c cÆ¡ quan Trung Æ°Æ¡ng tá»• chá»©c láº§n Ä‘áº§u tiÃªn vÃ o nÄƒm 2023 vá»›i má»¥c Ä‘Ã­ch tiáº¿p tá»¥c kháº³ng Ä‘á»‹nh vai trÃ² quan trá»ng cá»§a cÃ´ng tÃ¡c báº£o vá»‡ ná»n táº£ng tÆ° tÆ°á»Ÿng cá»§a Äáº£ng, Ä‘áº¥u tranh pháº£n bÃ¡c cÃ¡c quan Ä‘iá»ƒm sai trÃ¡i, thÃ¹ Ä‘á»‹ch trong tÃ¬nh hÃ¬nh má»›i; tá»« Ä‘Ã³, gÃ³p pháº§n nÃ¢ng cao nháº­n thá»©c, trÃ¡ch nhiá»‡m, hÃ nh Ä‘á»™ng cá»§a tá»• chá»©c ÄoÃ n, Ä‘oÃ n viÃªn, thanh niÃªn trong Khá»‘i vá»›i nhiá»‡m vá»¥ báº£o vá»‡ ná»n táº£ng tÆ° tÆ°á»Ÿng cá»§a Äáº£ng.
CÅ©ng trong buá»•i lá»… nÃ y, ÄoÃ n Thanh niÃªn Há»c viá»‡n CÃ´ng nghá»‡ BÆ°u chÃ­nh Viá»…n thÃ´ng Ä‘á»“ng hÃ nh cÃ¹ng ÄoÃ n Bá»™ ThÃ´ng tin vÃ  Truyá»n thÃ´ng vinh dá»± nháº­n 03 giáº£i thÆ°á»Ÿng: 
1 giáº£i nháº¥t thá»ƒ loáº¡i infographic thuá»™c vá» nhÃ³m tÃ¡c giáº£: Chung Háº£i Báº±ng, Nguyá»…n ÄÃ¬nh SÆ¡n, Äinh Thá»‹ Diá»…m Quá»³nh (ÄoÃ n Bá»™ ThÃ´ng tin vÃ  Truyá»n thÃ´ng) vá»›i tÃ¡c pháº©m â€œNÃ³i khÃ´ng vá»›i Fake Newsâ€.
1 giáº£i khuyáº¿n khÃ­ch thá»ƒ loáº¡i infographic: â€œ5 chá»‘ng vÃ  5 nÃªn: Báº£o vá»‡ ná»n táº£ng tÆ° tÆ°á»Ÿng cá»§a Äáº£ngâ€ thuá»™c vá» nhÃ³m tÃ¡c giáº£: Tráº§n PhÆ°Æ¡ng Tháº£o, Khá»•ng Thá»‹ Quá»³nh Nga (ÄoÃ n Há»c viá»‡n CÃ´ng nghá»‡ BÆ°u chÃ­nh Viá»…n thÃ´ng - ÄoÃ n Bá»™ ThÃ´ng tin vÃ  truyá»n thÃ´ng). 
1 giáº£i khuyáº¿n khÃ­ch thá»ƒ loáº¡i video: â€œFake News - Káº» thÃ¹ cá»§a ngÆ°á»i tráº» trong cÃ´ng tÃ¡c báº£o vá»‡ ná»n táº£ng tÆ° tÆ°á»Ÿng cá»§a Äáº£ngâ€ thuá»™c vá» tÃ¡c giáº£ Äinh Thá»‹ Diá»…m Quá»³nh (ÄoÃ n Há»c viá»‡n CÃ´ng nghá»‡ BÆ°u chÃ­nh Viá»…n thÃ´ng - ÄoÃ n Bá»™ ThÃ´ng tin vÃ  Truyá»n thÃ´ng.
ÄoÃ n Thanh niÃªn Há»c viá»‡n CÃ´ng nghá»‡ BÆ°u chÃ­nh Viá»…n thÃ´ng vÃ  ÄoÃ n Bá»™ ThÃ´ng tin vÃ  Truyá»n thÃ´ng Ä‘Ã£ kháº³ng Ä‘á»‹nh Ä‘Æ°á»£c tinh tháº§n sÃ¡ng táº¡o, tiÃªn phong vÃ  trÃ¡ch nhiá»‡m trong cÃ´ng tÃ¡c báº£o vá»‡ ná»n táº£ng tÆ° tÆ°á»Ÿng cá»§a Äáº£ng qua cÃ¡c sáº£n pháº©m truyá»n thÃ´ng cháº¥t lÆ°á»£ng vÃ  Ã½ nghÄ©a. Nhá»¯ng giáº£i thÆ°á»Ÿng nÃ y khÃ´ng chá»‰ lÃ  niá»m tá»± hÃ o, mÃ  cÃ²n lÃ  minh chá»©ng rÃµ nÃ©t cho sá»± ná»— lá»±c, cá»‘ gáº¯ng vÃ  lÃ²ng nhiá»‡t huyáº¿t cá»§a tuá»•i tráº» trong viá»‡c lan tá»a cÃ¡c giÃ¡ trá»‹ tá»‘t Ä‘áº¹p, Ä‘áº¥u tranh chá»‘ng láº¡i cÃ¡c luáº­n Ä‘iá»‡u sai trÃ¡i, thÃ¹ Ä‘á»‹ch.
Vá»›i tinh tháº§n ""KhÃ¡t vá»ng - TiÃªn phong - ÄoÃ n káº¿t - Báº£n lÄ©nh - SÃ¡ng táº¡o"", tuá»•i tráº» Há»c viá»‡n CÃ´ng nghá»‡ BÆ°u chÃ­nh Viá»…n thÃ´ng sáº½ tiáº¿p tá»¥c phÃ¡t huy, khÃ´ng ngá»«ng ná»— lá»±c Ä‘á»ƒ táº¡o ra nhiá»u hÆ¡n ná»¯a nhá»¯ng sáº£n pháº©m truyá»n thÃ´ng cháº¥t lÆ°á»£ng, gÃ³p pháº§n báº£o vá»‡ vÃ  phÃ¡t triá»ƒn ná»n táº£ng tÆ° tÆ°á»Ÿng cá»§a Äáº£ng trong thá»i ká»³ má»›i
 Má»™t láº§n ná»¯a xin chÃºc má»«ng cÃ¡c báº¡n",6 bÃ¬nh luáº­n
17,https://www.facebook.com/share/p/nTwGB85tq32HibwY/,['ChÃºc má»«ng Ä‘áº¡i há»™i Ä‘Ã£ diá»…n ra thÃ nh cÃ´ng tá»‘t Ä‘áº¹p áº¡'],"[Äáº I Há»˜I Äáº I BIá»‚U ÄOÃ€N TNCS Há»’ CHÃ MINH Há»ŒC VIá»†N CÃ”NG NGHá»† BÆ¯U CHÃNH VIá»„N THÃ”NG Láº¦N THá»¨ X, NHIá»†M Ká»² 2024 - 2027]
 Chiá»u ngÃ y 24/8 vá»«a qua, táº¡i Há»™i trÆ°á»ng A2, Há»c viá»‡n CÃ´ng nghá»‡ BÆ°u chÃ­nh Viá»…n thÃ´ng Ä‘Ã£ tá»• chá»©c thÃ nh cÃ´ng Äáº¡i há»™i Äáº¡i biá»ƒu ÄoÃ n TNCS Há»“ ChÃ­ Minh láº§n thá»© X, nhiá»‡m ká»³ 2024 - 2027. Sá»± kiá»‡n nÃ y Ä‘Ã¡nh dáº¥u má»™t cá»™t má»‘c quan trá»ng trong sá»± phÃ¡t triá»ƒn cá»§a ÄoÃ n Thanh niÃªn Há»c viá»‡n, lÃ  dá»‹p Ä‘á»ƒ nhÃ¬n láº¡i nhá»¯ng thÃ nh tá»±u Ä‘Ã£ Ä‘áº¡t Ä‘Æ°á»£c vÃ  Ä‘á» ra cÃ¡c má»¥c tiÃªu, nhiá»‡m vá»¥ má»›i cho tÆ°Æ¡ng lai.
 Sau hai phiÃªn lÃ m viá»‡c kháº©n trÆ°Æ¡ng, nghiÃªm tÃºc vÃ  Ä‘áº§y tinh tháº§n trÃ¡ch nhiá»‡m, Äáº¡i há»™i Ä‘Ã£ diá»…n ra thÃ nh cÃ´ng tá»‘t Ä‘áº¹p, nháº­n Ä‘Æ°á»£c sá»± Ä‘á»“ng thuáº­n cao tá»« cÃ¡c Ä‘áº¡i biá»ƒu tham dá»±. Cuá»™c báº§u cá»­ diá»…n ra cÃ´ng khai vÃ  minh báº¡ch, vá»›i sá»± hÆ°á»Ÿng á»©ng nhiá»‡t tÃ¬nh cá»§a táº¥t cáº£ cÃ¡c Ä‘áº¡i biá»ƒu, Ä‘á»“ng thá»i cÅ©ng Ä‘áº¡t Ä‘Æ°á»£c sá»± nháº¥t trÃ­ vá» phÆ°Æ¡ng hÆ°á»›ng hoáº¡t Ä‘á»™ng cho nhiá»‡m ká»³ má»›i.
Äáº¡i há»™i Ä‘Ã£ tá»•ng káº¿t láº¡i nhá»¯ng thÃ nh tá»±u Ä‘áº¡t Ä‘Æ°á»£c, Ä‘á»“ng thá»i nhÃ¬n nháº­n nhá»¯ng khÃ³ khÄƒn, háº¡n cháº¿, tá»« Ä‘Ã³ Ä‘Æ°a ra phÆ°Æ¡ng hÆ°á»›ng, káº¿ hoáº¡ch hoáº¡t Ä‘á»™ng cho thá»i gian sáº¯p tá»›i. CÅ©ng trong khuÃ´n khá»• Äáº¡i há»™i, cÃ¡c Ä‘áº¡i biá»ƒu Ä‘Ã£ láº¯ng nghe vÃ  tháº£o luáº­n nhá»¯ng Ã½ kiáº¿n Ä‘Ã³ng gÃ³p quan trá»ng, giÃºp nÃ¢ng cao hÆ¡n ná»¯a cháº¥t lÆ°á»£ng cÃ´ng tÃ¡c ÄoÃ n trong nhiá»‡m ká»³ má»›i.
Äáº¡i há»™i cÅ©ng Ä‘Ã£ báº§u ra Ban Cháº¥p hÃ nh má»›i vá»›i 25 Ä‘á»“ng chÃ­ tiÃªu biá»ƒu vá» pháº©m cháº¥t Ä‘áº¡o Ä‘á»©c tá»‘t, cÃ³ nÄƒng lá»±c, trÃ¬nh Ä‘á»™, cÃ³ tinh tháº§n trÃ¡ch nhiá»‡m - há»©a háº¹n lÃ  tháº¿ há»‡ tiá»m nÄƒng tiáº¿p tá»¥c dáº«n dáº¯t vÃ  phÃ¡t triá»ƒn ÄoÃ n Thanh niÃªn Há»c viá»‡n trong nhiá»‡m ká»³ 2024 - 2026.
 Má»™t láº§n ná»¯a, Ban Tá»• chá»©c xin gá»­i lá»i cáº£m Æ¡n chÃ¢n thÃ nh Ä‘áº¿n Ban Cháº¥p hÃ nh nhiá»‡m ká»³ 2022 - 2024 vÃ¬ nhá»¯ng Ä‘Ã³ng gÃ³p to lá»›n cá»§a cÃ¡c Ä‘á»“ng chÃ­ trong nhiá»‡m ká»³ vá»«a qua. ChÃºc cho Ban Cháº¥p hÃ nh nhiá»‡m ká»³  2024 - 2026 sáº½ Ä‘áº¡t Ä‘Æ°á»£c nhiá»u thÃ nh cÃ´ng rá»±c rá»¡ vÃ  tiáº¿p tá»¥c Ä‘Æ°a ÄoÃ n Há»c viá»‡n phÃ¡t triá»ƒn vá»¯ng máº¡nh!
#Äáº¡i_há»™i_ÄoÃ n_láº§n_thá»©_X
#Tuá»•i_tráº»_PTIT
____________________________
THÃ”NG TIN LIÃŠN Há»† ÄTN PTIT:
â¤Fanpage: https://www.facebook.com/DoanThanhNienHVCNBCVT
â¤ Email: Doanthanhnien@ptit.edu.vn
â¤ Hotline: 0433 515 489
â¤ Äá»‹a chá»‰: PhÃ²ng 111, KTX B5 - Há»c viá»‡n CÃ´ng nghá»‡ BÆ°u chÃ­nh Viá»…n thÃ´ng",1
18,https://www.facebook.com/share/p/ep9d5sWsB8LHz994/,"['toÃ n cÃ¡c diá»…n viÃªn tÆ°Æ¡ng lai', 'Tuyá»‡tt', 'Nguyá»…n HÃ  DÆ°Æ¡ng HÃ  Ngá»c cÃ¡c cáº­u cÃ³ vui khi gáº·p láº¡i tá»› hong', 'HÃ  Ngá»c Quá»³nh Chi ráº¥t vui áº¡', 'Quá»³nh Chi cÃ²n ten xá»‹n quÃ¡', 'HÃ  Ngá»c t hoÌ‰i m coÌ vui khÃ´ng cÆ¡ maÌ€']"," PTIT - NGAÌ€Y TRÆ Ì‰ LAÌ£I 
 Khi nhÆ°Ìƒng tia nÄƒÌng cuÌ‰a muÌ€a haÌ£ dÃ¢Ì€n bÆ¡Ìt choÌi chang thiÌ€ cuÌƒng laÌ€ luÌc caÌc baÌ£n sinh viÃªn quay trÆ¡Ì‰ laÌ£i HoÌ£c viÃªÌ£n thÃ¢n yÃªu Ä‘ÃªÌ‰ tiÃªÌp tuÌ£c haÌ€nh triÌ€nh chinh phá»¥c tri thÆ°Ìc.
 TuÃ¢Ì€n Ä‘Ã¢Ì€u quay trÆ¡Ì‰ laÌ£i trÆ°Æ¡Ì€ng, mÃ´Ìƒi ngÆ°Æ¡Ì€i seÌƒ coÌ cho miÌ€nh caÌ‰m nhÃ¢Ì£n vaÌ€ caÌ‰m xuÌc riÃªng, nhÆ°ng chÄƒÌc hÄƒÌ‰n tÃ¢Ìt caÌ‰ chuÌng ta Ä‘ÃªÌ€u chung mÃ´Ì£t khiÌ thÃªÌ hÃ¢n hoan vaÌ€ quyÃªÌt tÃ¢m hÃªÌt miÌ€nh cho kyÌ€ hoÌ£c sÄƒÌp tÆ¡Ìi Ä‘uÌng khÃ´ng naÌ€oo?
 BÃ¢y giÆ¡Ì€, haÌƒy cuÌ€ng theo chÃ¢n chuÌng miÌ€nh â€œgoÌƒ cÆ°Ì‰a hoÌ‰i thÄƒmâ€ nhÆ°Ìƒng tÃ¢m tÆ° tiÌ€nh caÌ‰m cuÌ‰a caÌc baÌ£n sinh viÃªn PTIT trong tuÃ¢Ì€n Ä‘Ã¢Ì€u quay trÆ¡Ì‰ laÌ£i trÆ°Æ¡Ì€ng nheÌ!
#ptit #backtoschool #summer2024
_______________________________
THÃ”NG TIN LIÃŠN Há»† ÄTN PTIT:
â¤ Fanpage: https://www.facebook.com/DoanThanhNienHVCNBCVT
â¤ Email: Doanthanhnien@ptit.edu.vn
â¤ Hotline: 0433 515 489
â¤ Äá»‹a chá»‰: PhÃ²ng 111, KTX B5 - Há»c viá»‡n CÃ´ng nghá»‡ BÆ°u chÃ­nh Viá»…n thÃ´ng.",6
