,comments
0,á»¨ng tuyá»ƒn áº¡.
1,CÃ²n 2 cÃ¢y bÃ ng bÃªn hÃ´ng pháº£i nhÃ  a2 ná»¯a mÃ  ad
2,CÃ¢y sÆ°a cÃ²n á»•n khum
3,LÆ°u Thá»‹ Nguyá»‡t Anh á»•nn't
4,"LÆ°u Thá»‹ Nguyá»‡t Anh may quÃ¡, em nÃ³ váº«n á»•n Ä‘á»ƒ cÃ²n cÃ³ chá»— cho cÃ¡c anh chá»‹ sv check in"
5,Há»c viá»‡n CÃ´ng nghá»‡ BÆ°u chÃ­nh Viá»…n thÃ´ng - PTIT trá»™m vÃ­a chá»© hoa rÃµ Ä‘áº¹p luÃ´n ad
6,giá»‘ng phim kinh dá»‹ quÃ¡ áº¡
7,Mai nháº­p há»c chá»‰ Ä‘á»•i ngÃ y cÃ²n giá» váº«n giá»¯ nguyÃªn áº¡ ad
8,Háº­u Lee vÃ¬ chá»‰ cÃ²n sá»‘ Ã­t sv chÆ°a nháº­p há»c nÃªn em Ä‘áº¿n nháº­p há»c vÃ o buá»•i sÃ¡ng Ä‘Æ°á»£c nhÃ©
9,HÃ³a ra há»c phÃ­ bá»n e Ä‘áº·t á»Ÿ Ä‘Ã¢y..
10,Minh Hue Bui nÄƒm sau cÃ´ trÃ² mÃ¬nh háº¿t chá»¥p áº£nh báº±ng lÄƒng oyyyy
11,"HoÃ ng Háº£i LÃ½ váº«n cÃ²n nhiá»u mÃ , nÃ³ tháº¥p nÃªn Ä‘á»¡ hÆ¡n cÃ¡c cÃ¢y cao"
12,":,))) Ä‘Ã¡ á»‘p tÆ°á»ng cÅ©ng k yÃªn háº£"
13,Mong trÆ°á»ng sá»›m chá»¯a lÃ nh
14,Pháº¡m VÄƒn PhÃºc thá»i gian sáº½ chá»¯a lÃ nh má»i váº¿t thÆ°Æ¡ng em áº¡
15,May quÃ¡ vá»£ khÃ´ng bá»‹ lsao
16,cá»©u em mn Æ¡i há»c zoom 3h mÃ  baaaayh em ko tÃ¬m Ä‘c link áº¡ huhu
17,"Confession má»›i cho mn muá»‘n há»i gÃ¬ mÃ  ngáº¡i nhee
Link Page bÃªn dÆ°á»›i"
18,Nguyá»…n Thu Hiá»n nhÃ¬n trÆ°á»ng cÅ©ng buá»“n nhÆ°ng mÃ  mai mÃ¬nh Ä‘i nháº·t sáº¥u khÃ´ng:((
19,Nguyá»…n Kim Huá»‡ nay nháº·t xoÃ i chÆ°a Ä‘Ã£ tay háº£ mÃ  cÃ²n tÃ­nh mai Ä‘i nháº·t tiáº¿p
20,Ai cho tÃ´i biáº¿t cÃ¢y sÆ°a cá»•ng trÆ°á»ng sao rá»“i Ä‘ii
21,khá»§ng khiáº¿p tháº­t
22,Linh Ngá»c NgÃ´ Huyá»n hsau há»c lÃ­ mÃ¡t láº¯m
23,Ngá»c Ahn HoÃ  mk vÃ o thiÃªn nhiÃªn
24,Linh Ngá»c Ngá»c Ahn mang chÄƒn lÃªn Ä‘áº¯p
25,"NgÃ´ Huyá»n phÃ²ng thÃ´ng vs ngoÃ i trá»i r, mang lÃªn ngá»§ bao sÆ°á»›ng"
26,Ngá»c Ahn mang Ã´ Ä‘i káº»o mÆ°a nÃ³ háº¯t náº¯ng nÃ³ chÃ³i
27,Linh Ngá»c tÆ°Æ¡ng lai sÃ¡ng chÃ³i tháº¿ cÃ²n gÃ¬
28,Hoang tÃ n gáº§n báº±ng PTIT nam kÃ¬
29,Nghá»‰ máº¥y hÃ´m cho trÆ°á»ng sá»­a sang láº¡i váº­y...
30,"LÃ¢m LÆ°Æ¡ng PhÃºc sinh viÃªn chá»§ Ä‘á»™ng thÃ´i, lá»›n r pháº£i biáº¿t Ã½"
31,Äáº·ng Sá»¹ Khang Ã´i PTIT:((
32,Hoai Anh Ã´i khÃ´m:<
33,Long Ha dáº¥u hiá»‡u há»c phÃ­ tÄƒng
34,:((( sad quÃ¡ tr quÃ¡ Ä‘áº¥t
35,Nguyá»…n Máº¡nh HÃ¹ng anh Æ¡i anh cÃ³ nhiá»u vc Ä‘á»ƒ lÃ m rá»“i
36,DÆ°Æ¡ng Ngá»c Huyá»n báº¡n á»•n khong
37,Thu PhÆ°Æ¡ng báº¡n pháº£i há»i lÃ  trÆ°á»ng tÃ´i á»•n ko chá»© :))
38,CÃ¡ vÃ ng á»Ÿ Ä‘Ã¡ tháº§n k biáº¿t sao rá»“i Thu HÃ²a
39,Nguyá»‡t Nga r u okey:>
40,Pháº¡m PhÆ°Æ¡ng Tháº£o Nguyá»…n Trang sáº§u
41,Kien Hoang xin 50k
42,ÄÃ¬nh HoÃ ng VÃµ á»•n ko
43,Quá»³nh Trang cÃ²n sá»‘ng nhÃ©
44,VÅ© PhÆ°Æ¡ng nao cho anh Ä‘i há»c kÃ© nhÃ³
45,Báº£o Long okee gÃ¡i iu nhÃ³
46,VÅ© PhÆ°Æ¡ng Äƒn máº·c báº£nh bao Ä‘i há»c kÃ© ngá»«i eo
47,CÆ°á»ng PhanKháº¯c Tuáº¥n
48,HoÃ ng Minh Anh
49,LÃª Thá»‹ Mai HÆ°Æ¡ng
50,Trung Hiáº¿u
51,Trá»‹nh XuÃ¢n Lá»™c
52,Nguyá»…n Thá» Äáº¡t
53,Triá»‡u Vy bn khoÃ¡ d24 Ã 
54,Nguyá»…n Thá» Äáº¡t khoÃ¡ nÃ o mÃ  ny bn á»›
55,
56,Yáº¿n Nhi
57,TÃ´i yÃªu trÆ°á»ng cá»§a tÃ´i
58,Nguyá»…n Kim Nháº­t Minh i'm sorry
59,Vch
60,"ğ“ğ¡ğ¢ ğ›ğšÌ†Ì€ğ§ğ  ğ¥ğšÌğ¢ ğ±ğ ğ€ğŸ - ğğ¡ğšğ§ğ¡ ğœğ¡ğ¨Ìğ§ğ , ğğÌ‚Ìƒ ğğšÌ€ğ§ğ , Ä‘ğšÌ£Ì‚ğ® ğŸğŸğŸ%!
Báº¡n Ä‘ang muá»‘n tá»± do vi vu trÃªn nhá»¯ng cung Ä‘Æ°á»ng, nhÆ°ng chÆ°a cÃ³ báº±ng lÃ¡i xe? Äá»«ng lo! HÃ£y tham gia ngay khÃ³a há»c thi báº±ng lÃ¡i xe A1 cá»§a chÃºng tÃ´i."
61,ngÃ nh khÃ¡c cÃ³ Ä‘c vÃ o chÆ¡i gÃªm khÃ´ng nhá»‰
62,Nguyá»…n BÃ¡ HÃ¹ng Ä‘Ã¢y má»›i lÃ  chá»¯ mÃ  cÃ¡c áº»m cáº§n pháº£i chÃº Ã½â€¦
63,1 cá»§ 1 tÃ­n cÃ³ khÃ¡c :)))
64,NhÃ¬n kiá»ƒu nÃ y thÃ¬ cÃ¡ cháº¯c ngÃ nh khÃ¡c cÅ©ng cÃ³ pháº§n
65,MÃ¬nh tá»‘t nghiá»‡p cÃ¡i lÃ  trÆ°á»ng phÃ¡t triá»ƒn lÃªn háº³n :))
66,"phong cÃ¡ch, phong cÃ¡chhhh"
67,Äá»£i ra trÆ°á»ng r má»›i xÃ¢y lÃ  nhÆ° nÃ o ????
68,KiÃªn cÃ³ cháº¯c lÃ  ra trÆ°á»ng chÆ°a
69,DÆ°Æ¡ng Trang hahaha Ä‘au
70,KiÃªn á»Ÿ láº¡i vÃ i nÄƒm ná»¯a váº«n Ä‘c mÃ 
71,PhÆ°Æ¡ng Tháº¯ng cÃ³ tiá»n lÃ  cx á»Ÿ láº¡i Ä‘áº¥y mÃ  trÆ°á»ng hÃºt mÃ¡u quÃ¡
72,PhÆ°Æ¡ng Tháº¯ng ko ra ná»¯a nhá»‰?
73,MÃ u giá»‘ng bÆ°u Ä‘iá»‡n z
74,Nháº­t LÃª ptit lÃ  bÆ°u Ä‘iá»‡n mÃ 
75,Thanh VÅ© sá»‘ng háº¿t mÃ¬nh vá»›i thá»© gá»i lÃ  Ä‘am mÃª
76,"Ãnh DÆ°Æ¡ng Ä‘i vá» nÃ o
vá» há»c tiáº¿p thÃ´i, cháº§n chá» gÃ¬ b Æ¡i"
77,LÃª Thá»‹ Mai HÆ°Æ¡ng báº¡n vá» tÃ´i vá»
78,Ãnh DÆ°Æ¡ng lÃ³i dc lÃ m dc =)))) toi cap mÃ n hÃ¬nh
79,"LÃª Thá»‹ Mai HÆ°Æ¡ng oke, t á»Ÿ HÄ Ä‘á»£i b"
80,
81,Phong Nam NgÃ´ Huáº¿ ThÃºy Háº¡nh Linh Nguyá»…n Ä‘á»§ phong cÃ¡ch chÆ°a? Vá» há»c ikkk
82,Hang Nguyen mÃ¬nh sá»£ nÃªn xin phÃ©p Ä‘i vá»
83,Hang Nguyen há»c tháº¡c sá»¹ nhÃ©
84,OÃ¡ch Duc Anh Äinh SÆ¡n TÃ¹ng
85,Nguyá»…n Duy Nam uoc
86,BÆ°u chÃ­nh Ã :))
87,á»i Nguyá»…n Há»¯u Äá»©c
88,NgÃ´ Viá»‡t HoÃ ng háº±ng ngÃ y leo 5 cÃ¡i cáº§u thang cÅ©ng vui
89,cÃ¡i gÃ¬ Ä‘Ã¢y
90,Hieu Gia bá»™ asiimov nÃ y hÆ¡i Ä‘áº¯t:))
91,HoÃ ng Hiá»‡p trÆ°á»ng giá» hÆ¡i khÃ©t
92,Tháº¿ nÃ y thÃ¬ uy tÃ­n quÃ¡ a nhá»‰?
93,Thu Trang
94,HoÃ ng Hiá»‡p wao dá»¯ ta
95,???
96,Nguyen Hoang Nam khÃ³ nÃ³i
97,á»ª e. Cáº§m tiá»n ra Ao Sen Äƒn bÃºn nhÃ©
98,aaaaaaaaaaaaaaaaaaaaaaaaaaaaaaaaaaaaaaaaaaaaaaaaaaaaaaaaaaaaaaaaaaaaaaaaaaaaa
99,Ä‘ thá»ƒ nÃ o tháº¿ Ä‘Æ°á»£c
100,Nguyá»…n Há»¯u Viá»‡t láº§n Ä‘áº§u Ã  a
101,LÃª Thá»‹nh :))
102,Nguyá»…n Há»¯u Viá»‡t nghe tháº¥u trá»i tháº¿ a=))
103,Nguyá»…n Há»¯u Viá»‡t cáº§m tiá»n lÃ m bÃ¡t phá»Ÿ cÃ²n no hÆ¡n
104,"CÃ¡c tháº§y cÃ´ khÃ´ng cháº¥m sai Ä‘Ã¢u vÃ¬ cÃ³ barem Ä‘iá»ƒm háº¿t rá»“i, náº¿u cÃ³ nháº§m thÃ¬ chá»‰ nháº§m lÃºc nháº­p Ä‘iá»ƒm thÃ´i, nhiá»u trÆ°á»ng há»£p phÃºc kháº£o xong Ä‘iá»ƒm cÃ²n tá»¥t Ä‘iá»ƒm xuá»‘ng áº¥y chá»© :)))"
105,Äá»©c Minh Äá»— leuleu máº¥t bÃ¡t bÃºn bo
106,Nguyá»…n TÃª HÆ°Æ¡ng thÃ´i biáº¿t Ä‘Ã¢u nÄƒm sau trÆ°á»ng má»›i xÃ©t báº¡n
107,Huy Vu m Ä‘Äƒng Ã  :))?
108,LÃ½ Trá»ng NghÄ©a ngÆ°á»i Ä‘áº§u tiÃªn Ä‘Æ°á»£c xem láº¡i Ä‘á» thi cá»§a chÃ­nh mÃ¬nh :))
109,2 bÃ¡t bÃºn bÃ² tá»« 2022 Ä‘áº¿n giá» chÆ°a Ä‘Æ°á»£c duyá»‡t
110,Nguyá»…n VÄƒn Nháº¥t suÃ½t ná»¯a máº¥t bÃ¡t bÃºn
111,Long ÄÃ m mai Ä‘i Äƒn bÃºn vá»‹t quay báº¡n nhÃ©
112,Nguyá»…n VÄƒn Nháº¥t nghiá»‡n quÃ¡ rá»“i b
113,ÄÃºng váº­y
114,Kiá»u Há»“ng Phong sao rá»“i z
115,HoÃ ng XuÃ¢n Mai up
116,PhÃºc kháº£o á»Ÿ ptit thÃ¬ ra ao sen Äƒn bÃºn cho no bá»¥ng
117,Minh Hiáº¿u Äáº­u VÄƒn Ä‘Ã£ tá»«ng pay mÃ u 30k
118,Linh Tráº§n KhÃ¡nh em cÃ²n máº¥t 50k Ä‘Ã¢y
119,Minh Hiáº¿u Äáº­u VÄƒn tráº£i nghiá»‡m em náº¡
120,Minh Hiáº¿u Äáº­u VÄƒn xÆ°a anh chá»‹ nÃ³i cÃ³ nghe mÃ´. lá»³ thÃ¬ tráº£ zÃ¡ thÃ´i
121,Linh Tráº§n KhÃ¡nh lá»³ nhÆ° chá»‹ zayaj
122,Cáº§m bÃ¡t bÃºn bÃ² nÃ©m qua cá»­a sá»•
123,Nguyá»…n Trung Anh máº¥t cáº£ bÃ¡t láº«n bÃºn :))
124,"Tá»•ng kho GiÃ y dÃ©p máº«u mÃ£ siÃªu Ä‘a dáº¡ng, cá»© gá»i lÃ  Ä‘áº§y Ä‘á»§, luÃ´n cáº­p nháº­t táº¡i nhÃ³m https://zalo.me/g/bwctdz813 cÃ¡c bÃ¡c áº¡"
125,"Sinh viÃªn giá» giá»‘ng khÃ¡ch hÃ ng nhá»‰. Em cÃ³ nguyá»‡n vá»ng hay Ä‘Ã³ng gÃ³p gÃ¬ thÃ¬ liÃªn há»‡ trá»±c tiáº¿p vá»›i Há»c viá»‡n nha
Vá» cháº¥t lÆ°á»£ng Ä‘Ã o táº¡o cá»§a cÃ¡c Khoa, ngÃ nh, chÆ°Æ¡ng trÃ¬nh Ä‘Ã o táº¡o Ä‘Ã£ cÃ³ cÃ¡c Ä‘Æ¡n vá»‹ tháº©m Ä‘á»‹nh Ä‘Ã¡nh giÃ¡ cháº¥t lÆ°á»£ng.
Tá»± do ngÃ´n luáº­n lÃ  con dao hâ€¦ Xem thÃªm"
126,Duy KhÃ¡nh báº¡n cá»© bá»‹ lÃ³i chuáº©n tháº¿ nháº©u
127,"nháº¯n tin, gá»i Ä‘iá»‡n mÃ  trÆ°á»ng khÃ´ng tráº£ lá»i luÃ´n Ã¡:)) mÃ£i chÃª... mÃ  biáº¿t sao giá», lá»¡ Ä‘Ã³ng há»c phÃ­ r mÃ :)))"
128,"quáº£ Ä‘iá»ƒm chuáº©n thÃ¬ Ä‘Ãºng lÃ  muá»™n tháº­t nhÆ°ng muá»™n so vá»›i trÆ°á»ng khÃ¡c chá»© kh muá»™n deadline nÃªn cÅ©ng kh trÃ¡ch Ä‘Æ°á»£c =))) trÆ°á»ng há»£p lá»—i há»‡ thá»‘ng thÃ¬ trá»™m vÃ­a t kh dÃ­nh, cÃ¡i mÃ  há»“ sÆ¡ kh há»£p lá»‡ t chá»‰ dÃ­nh lÃºc trÆ°á»ng chÆ°a cÃ´ng bá»‘ Ä‘iá»ƒm chuáº©n th =))) muá»™n so vá»›iâ€¦ Xem thÃªm"
129,t váº«n Ä‘ang yÃªu trÆ°á»ng nÃªn má»‘t cÃ³ gÃ¬ t chá»­i sau hihi =))) trong chÄƒn má»›i biáº¿t chÄƒn cÃ³ ráº­n Ä‘Ã¢u trÆ°á»ng nÃ o hoÃ n háº£o Ä‘Æ°á»£c 100%
130,ChÃª ráº¥t nhiá»u tá»« cÃ¡c cá»±u sinh vien nhÆ°ng cÃ¡c báº¡n váº«n Ä‘Ã¢m Ä‘áº§u vÃ o há»c thÃ¬ chá»‹u thÃ´i chá»© trÃ¡ch ai :))
131,á»¦a chuyá»‡n quÃ¡ bÃ¬nh thÆ°á»ng á»Ÿ trÆ°á»ng luÃ´n áº¥y. KhÃ´ng Ä‘á»c review Ã 
132,trÆ°á»ng k cÃ³ nhiá»u Ä‘iá»ƒm Ä‘Ã¢u.em trá»« tháº¿ nÃ y cháº¯c Ã¢m cmn máº¥t :))
133,"Ká»³ sau giáº­t Ä‘c cÃ¡i hb lÃ  láº¡i yÃªu trÆ°á»ng ngay Ã½ mÃ  , yÃªn tÃ¢m"
134,"Ai sá»£ thÃ¬ Ä‘i vá», ko nháº­p há»c"
135,link khÃ´ng vÃ o Ä‘Æ°á»£c ad Æ¡i
136,HoÃ ng Nguyá»…n CIE Ä‘Ã£ nháº¯n tin há»— trá»£ em. Em check nhÃ©
137,Game khÃ³ quÃ¡ ai lÃ m video walkthrough Ä‘c ko @@
138,"Game nhÆ° háº¡ch, Ä‘Äƒng nháº­p cÃ²n Ä‘Ã©o vÃ o Ä‘c"
139,HoÃ ng Tráº§n Phong cÃ³ vÃ o Ä‘c Ä‘Ã¢u
140,Cao Nguyen táº£i ve chÆ¡i Ä‘c mÃ©o Ä‘Ã¢u
141,Diá»‡u Linh cÃ´ gá»­i cho tÃ´i Ä‘k
142,"Anh Duong tÃ´i cx Ä‘c nháº­n tá»« ngkhac mÃ , zÃ´ tá»™i"
143,Diá»‡u Linh hÃ³a ra muá»‘n cháº¿t chung
144,"Anh Duong
coÃ¡ bit gÃ¬ Ä‘Ã¢u"
145,???
146,Tran Quoc Anh hoang mang quÃ¡ áº¡
147,Dvan ÄÆ°á»£c ngÃ¡o luÃ´n
148,Dáº¡ vÃ¢ng em biáº¿t lá»—i rá»“i
149,Tráº§n Diá»…m Kiá»u dá»‘i trÃ¡
150,ÄÃ m Quá»‘c Hiá»‡u má»™t phÃºt láº§m lá»¡:(((
151,Tráº§n Diá»…m Kiá»u chuá»µ hÆ° quÃ© chuá»µ oi
152,Em xin lá»—i mÃ  trá»i Æ¡i
153,VÄƒn HoÃ ng sÃ¡ng nay vá»«a quÃ©t xong
154,Tráº§n TÃº kh khÃ¡c nhau
155,VÄƒn HoÃ ng trá»i huhu
156,Tráº§n Ngá»c trá»i huhu
157,Ráº¥t lÃ²ng vÃ²ng
158,Khanh Toan trÃ¢n trá»ng
159,Tráº§n PhÆ°Æ¡ng Khang háº£ hoang mang v
160,KhÃ¡nh Linh cá»‘ cÃ y game thÃ´i b
161,Nguyenn Anh Tu thÃ­ch crack game k
162,Äáº·ng Äá»©c TÃ i sisi
163,NgÃ´ LÃª Lá»™c Viá»‡t Ã©t Ã´ Ã©t anh Æ¡i
164,An An chÆ°a Ä‘Ã¡nh Ä‘Ã£ khai
165,Tháº£o Ly :(( th Ä‘á»ƒ cÃ y game
166,An An 1/2 trong sá»‘ Ä‘áº¥y lÃ  pt04
167,Em cÃ²n cÃ¡i mÃª cung thÃ´i cÃ³ Ä‘Æ°á»£c khÃ´ng sá»‘p Æ¡i
168,chá»«a rá»“i:)
169,TrÆ°Æ¡ng CÃ´ng Chiáº¿n sau chá»«a
170,Pháº£i chÆ¡i xong má»›i Ä‘Æ°á»£c quÃ©t mÃ£ áº¡
171,Táº¡m biá»‡t game
172,Le Hiep pp
173,ChÆ¡i kiá»ƒu gÃ¬ tháº¿ áº¡ ;)))
174,hÃ³ng video speedrun
175,em ko giáº£i nÃ©n dc file ai lÃªn video hÆ°á»›ng dáº«n dc ko áº¡
176,Qr ngoÃ i map
177,em xin lá»—i
178,chÆ¡i ká»‰u gÃ¬ v áº¡
179,BÃ¹n
180,Äinh Thá»‹ Thanh TÃ¢m pháº£i chÆ¡i game th
181,Háº£i Yáº¿n mÃ¬nh skip bÆ°á»›c Ä‘áº§u :))
182,Phan Äáº¡t tá»™i quÃ©t k gá»­i t
183,Phan Äáº¡t tráº£ giÃ¡ Ä‘i !
184,rial
185,im sorry
186,Má»¹ DuyÃªn e xl
187,BÃ¹i Hiá»‡p -1 Ä‘rl
188,Má»¹ DuyÃªn kim bÃ i báº¥t tá»­ lá»›p phÃ³=)))
189,BÃ¹i Hiá»‡p cÃ³ chá»©c cÃ³ quyá»n =)))
190,bye
191,ÄÃ o HÃ  My chá»«a chÆ°a =)))
192,Nguyá»…n KhÃ¡nh dáº¡ e chá»«a rá»“i
193,Chu Minh Äá»©c NghÄ©a
194,Pháº¡m Linh Tháº£o cÃ³ ae mÃ¬nh khÃ´ng =)))
195,Nguyá»…n Ngá»c Tuáº¥n BÃ¬nh kháº£ nÄƒng...
196,kháº£ lÄƒng kháº£ lÄƒng :)))
197,Nguyá»…n Ngá»c Tuáº¥n BÃ¬nh mÃ¬nh chÆ¡i lÃ  Ä‘c mÃ 
198,?
199,???
200,Há»“ng Ngá»c
201,Tráº§n NhÆ° Quá»³nh cÃ³ cÃ¡i Ä‘rl mÃ  nhá»c quÃ¡
202,NT BÃ¬nh
203,Thu Hiá»nn xin lá»—i áº¡
204,Quá»³nh VÅ©
205,táº¡i sao npc Ä‘áº¹p trai mÃ  tsv xáº¥u trai váº­y tháº­t lÃ  báº¥t cÃ´ng
206,Nguyá»…n LÃª Kanh áº©u
207,
208,Há»c PTIT dá»… láº¯m
209,Dá»… Ä‘Ã³ng máº¥y cá»§ hÃ£ :))
210,Dá»… há»c láº¡i ha
211,Pháº¡m LannAnhh Nguyá»…n Nhung dá»… cho trÆ°á»ng thÃ nh tone cam chÃ¡y
212,Dá»… máº¥t tiá»n :))
213,Tháº­t khÃ´ng Ä‘á»ƒ Ä‘i Ä‘á»“n
214,lÃ¹a gÃ  nÃ¨
215,Ad cÃ³ phÃ©t k taa???
216,Thk nÃ o Ä‘á»“n
217,dá»… há»c láº¡i
218,
219,"TrÆ°á»ng tÄƒng há»c phÃ­
Cháº¯c chÃ o tÃ¢n má»i J97 rá»“i"
220,riel
221,Ä‘Ãºng gu owO
222,CÆ°á»ng Nguyá»…n chá»“ng chá»‹ mÃ  dÃ¡m tranh Ã  e
223,NgÃ´ Thá»‹ Há»“ng Háº¡nh m tranh chá»“ng t Ã  con lá»£n nÃ y
224,trg Ã©o Ä‘áº§n Ä‘áº¿n z Ä‘Ã¢u
225,mua lightstick thÃ´i
226,Vipppp
227,HÃ  Kim Dung mua lightstick Ä‘i quáº©y Ä‘i dung
228,"BÃ­ch Ngá»c dung Ä‘áº·t 1 bÃ¬ rÃ²i, chia má»—i ae má»—i cÃ¡i =))"
229,HÃ  Kim Dung cáº£ lÃ² cáº£m Æ¡n Dung
230,Má»—i ngÃ nh tÄƒng 5 cá»§ lÃ  vá»«a
231,Mai Hoa thiÃªn lÃ½ Æ¡i em cÃ³ thá»ƒ á»Ÿ láº¡i Ä‘Ã¢y khÃ´ng
232,"ÄoÃ n Tháº£o Ä‘Ã£ he, Ä‘Ã£ he, mua lightstick chÆ°a"
233,Mai Hoa ch j Ä‘Ã£ tháº¥y phÃ¡t sÃ¡ng
234,Tuáº¥n PhÃ¹ng mua lightstick chÆ°a cÃ²n váº«y :)))
235,Giang An Lan nÃ y pháº£i 2 cÃ¡i 2 tay =))
236,t mua sáºµn 3 cÃ¡i lighstick rá»“i chá»‰ chá» a jack thÃ´i
237,Minh QuÃ¢n bÃ¡n ráº» cho 1 cÃ¡i Ä‘i chÃº
238,Minh QuÃ¢n ... cá»§a m cx to Ä‘áº¥y nhá»‰ cáº¯m Ä‘c 3 cÃ¡i luÃ´n mÃ 
239,ÄoÃ n Tháº£o thiÃªn lÃ½ Æ¡i
240,Há»“ng NgÃ¡t mÃª nha mÃª nha
241,ÄoÃ n Tháº£o cho tiá»n mua lightstick dáº©y Ä‘Ãª
242,Há»“ng NgÃ¡t Äƒn c*op Ä‘i
243,ÄoÃ n Tháº£o há»c thuá»™c bÃ i trc Ä‘i
244,Xuyáº¿n Chi chi thÃ­ch láº¯m
245,HÆ°Æ¡ng Diá»‡u mÃª
246,Xuyáº¿n Chi Ä‘um Ä‘Ãºm thÃ­ch mÃª
247,Nnguyá»…n Äá»©c Thuáº­n tÄƒng 1tr há»c phÃ­ pháº£i táº·ng free má»—i em 1 lai sá» tÃ­ch chÃ¢y 97
248,Tráº§n Linh nghinh vá» lm Ä‘Ã¨n há»c soi sÃ¡ng tÆ°Æ¡q lai
249,Äinh Nam mua lightstick chÆ°a cÃ²n dÃ¹ng
250,Bach Vinh á»•n k a
251,Mua lightstick J97 dáº§n thÃ´i
252,"LÃª Quang Máº¡nh ÄÃ³m chÃºa cÅ©ng cáº§n mua Æ°, tÆ°á»Ÿng anh J táº·ng cho chá»©"
253,"BÃ¹i Há»“ng HÃ  anh J bÃ¡n lightstick cÃ²n cÃ³ tiá»n mÃ  chu cáº¥p cho con mÃ , nÃªn áº£nh k cho dc"
254,Háº£i BÃ¹i thiÃªn lÃ­ Æ¡i
255,Nguyá»…n Hiáº¿u chá»‹u
256,Nam PhÆ°Æ¡ng mÃª
257,Lan Anh Metawin iu iuu
258,"ThÃ¹y Linh elm há»‘i háº­n ch, trc báº£o tÃ i trá»£ cho cÃ¡i lighstick thÃ¬ khum cáº§n, sáº¯p tá»›i trg má»i anh rÃ¡ch zá» kÃ¬a"
259,Yáº¿n Pháº¡m thÃ´i bá» album soobin Ä‘á»ƒ mua lighstick
260,"ThÃ¹y Linh quÃ¡ muá»™n r em áº¡, chá»‹ Ä‘Ã£ chá»‘t Ä‘Æ¡n, háº¿t ngÃ¢n sÃ¡ch dÃ nh cho anh rÃ¡ch r"
261,tá»± nhiÃªn tháº¥y mÃ´ng phÃ¡t sÃ¡ng
262,Äáº¿n ThÆ° viá»‡n há»c bÃ i thui nÃ o cÃ¡c báº¡n Æ¡iiiiii
263,@ngÆ°á»i theo dÃµi
264,Nice
265,Niceeeee
266,Likeee
267,"Mai Hoa tá»‘i ra ThÆ° viá»‡n há»c nhÃ©, 0 gáº·p 0 vá»"
268,Tráº§n Nguyá»‡t
269,QuÃ¡ tuá»µt luÃ´n áº¡
270,Quang Minh
271,má»Ÿ buá»•i trÆ°a Ä‘i áº¡
272,Nguyá»…n Thá»‹ Lan nguyá»‡n hiáº¿n dÃ¢ng 2 tiáº¿ng chÆ¡i bá»i má»—i ngÃ y cá»§a NTL Ä‘á»ƒ Ä‘á»•i láº¥y 2 tiáº¿ng má»Ÿ buá»•i trÆ°a cá»§a TV
273,PhÆ°Æ¡ng Linh Tuyá»‡t vá»i
274,Tráº§n Nguyá»…n Nháº­t Quang Trung Trung Ä‘i
275,kÃ¬ nÃ y há»c Ä‘áº¿n 9h vá» nhÃ©
276,"KhÃºc Nháº­t Linh chá»‰ há»c nhÃ©, Ä‘á»«ng Ä‘á»ƒ bá»‹ Ä‘uá»•i"
277,Tráº§n Hiá»n triá»ƒn
278,PhÆ°Æ¡ng Linh
279,Tháº£o Tháº£o Tháº£o Ä‘y
280,PhÆ°Æ¡ng Linh mai dj
281,Äinh Diá»…m Quá»³nh giá»i láº¯m nha
282,Fan 2 chá»‹ Thao TranPhuong Quá»³nh Nga
283,PhÆ°Æ¡ng Tháº£o Quá»³nh Nga chÃºng mÃ¬nh cÃ³ nhauu
284,TranPhuong Thao siÃªu
285,TranPhuong ThaoÄang ngá»“i cáº¡nh nhau
286,Quá»³nh Nga
287,ChÃºc má»«ng Ä‘áº¡i há»™i Ä‘Ã£ diá»…n ra thÃ nh cÃ´ng tá»‘t Ä‘áº¹p áº¡
288,toÃ n cÃ¡c diá»…n viÃªn tÆ°Æ¡ng lai
289,Tuyá»‡tt
290,Nguyá»…n HÃ  DÆ°Æ¡ng HÃ  Ngá»c cÃ¡c cáº­u cÃ³ vui khi gáº·p láº¡i tá»› hong
291,HÃ  Ngá»c Quá»³nh Chi ráº¥t vui áº¡
292,Quá»³nh Chi cÃ²n ten xá»‹n quÃ¡
293,HÃ  Ngá»c t hoÌ‰i m coÌ vui khÃ´ng cÆ¡ maÌ€
