link,post_text,word_count
https://www.facebook.com/share/p/iAxNWnmsWA6vM6F2/," Há»ŒC VIá»†N CÃ”NG NGHá»† BÆ¯U CHÃNH VIá»„N THÃ”NG CÃ”NG Bá» ÄIá»‚M TRÃšNG TUYá»‚N NÄ‚M 2024
 Há»™i Ä‘á»“ng tuyá»ƒn sinh Há»c viá»‡n CÃ´ng nghá»‡ BÆ°u chÃ­nh Viá»…n thÃ´ng thÃ´ng bÃ¡o káº¿t quáº£ xÃ©t tuyá»ƒn há»‡ Ä‘áº¡i há»c chÃ­nh quy nÄƒm 2024 dá»±a trÃªn káº¿t quáº£ thi THPT nÄƒm 2024, CÆ¡ sá»Ÿ Ä‘Ã o táº¡o phÃ­a Báº¯c (mÃ£ trÆ°á»ng: BVH) .
 ThÃ­ sinh tra cá»©u káº¿t quáº£ xÃ©t tuyá»ƒn trÃªn há»‡ thá»‘ng tuyá»ƒn sinh chung cá»§a Bá»™ GD&ÄT theo Ä‘á»‹a chá»‰: https://thisinh.thitotnghiepthpt.edu.vn 
 Há»c viá»‡n tá»• chá»©c nháº­p há»c cho cÃ¡c tÃ¢n sinh viÃªn vÃ o cÃ¡c ngÃ y 6,7/9. Follow fanpage Ä‘á»ƒ cáº­p nháº­t thÃ´ng tin chi tiáº¿t.
LÆ°u Ã½: CÃ¡c thÃ­ sinh trÃºng tuyá»ƒn pháº£i hoÃ n thÃ nh viá»‡c xÃ¡c nháº­n nháº­p há»c (trÃªn há»‡ thá»‘ng tuyá»ƒn sinh chung cá»§a Bá»™ GD&ÄT) trÆ°á»›c khi lÃ m thá»§ tá»¥c nháº­p há»c.
 CHÃšC Má»ªNG D24 PTITERS !!!
Xem chi tiáº¿t táº¡i: https://portal.ptit.edu.vn/hoc-vien-cong-nghe-buu-chinh.../
â€”â€”â€”â€”â€”â€”â€”â€”â€”â€”â€”â€”â€”â€”â€”â€”â€”â€”â€”â€”â€”â€”â€”â€”â€”â€”-
Há»ŒC VIá»†N CÃ”NG NGHá»† BÆ¯U CHÃNH VIá»„N THÃ”NG
Trá»¥ sá»Ÿ chÃ­nh: 122 HoÃ ng Quá»‘c Viá»‡t, P.NghÄ©a TÃ¢n, Q.Cáº§u Giáº¥y, HÃ  Ná»™i.
Há»c viá»‡n CÆ¡ sá»Ÿ táº¡i TPHCM: 11 Nguyá»…n ÄÃ¬nh Chiá»ƒu, P. ÄaKao, Quáº­n 1, ThÃ nh phá»‘ Há»“ ChÃ­ Minh.
CÆ¡ sá»Ÿ ÄÃ o táº¡o táº¡i HÃ  Ná»™i: Km10 ÄÆ°á»ng Nguyá»…n TrÃ£i, P.Má»™ Lao, Q.HÃ  ÄÃ´ng, HÃ  Ná»™i.
CÆ¡ sá»Ÿ ÄÃ o táº¡o táº¡i TP.HCM: ÄÆ°á»ng Man Thiá»‡n, TP Thá»§ Äá»©c, TP.Há»“ ChÃ­ Minh.
â–º Fanpage: https://facebook.com/HocvienPTIT
â–º Tuyá»ƒn sinh: https://tuyensinh.ptit.edu.vn/
â–º Youtube: https://www.youtube.com/@PChannels
â–º Website: https://portal.ptit.edu.vn",230
https://www.facebook.com/share/p/nxB8iuuSmVkYbLFZ/,"CÃ“ Má»˜T PTIT Ráº¤T KHÃC
Trong ngÃ y 07/9, cÆ¡n bÃ£o sá»‘ 3 (tÃªn quá»‘c táº¿ lÃ  bÃ£o Yagi) Ä‘Ã£ quÃ©t qua nhiá»u Ä‘á»‹a phÆ°Æ¡ng táº¡i Miá»n Báº¯c, trong Ä‘Ã³ Háº£i PhÃ²ng, Quáº£ng Ninh chá»‹u thiá»‡t háº¡i náº·ng ná» nháº¥t. HÃ  Ná»™i cÅ©ng chá»‹u nhiá»u áº£nh hÆ°á»Ÿng, thiá»‡t háº¡i tá»« cÆ¡n bÃ£o nÃ y. Trong khi HÃ  Ná»™i nÃ³i chung vÃ  Há»c viá»‡n CÃ´ng nghá»‡ BÆ°u chÃ­nh Viá»…n thÃ´ng CÆ¡ sá»Ÿ HÃ  ná»™i nÃ³i riÃªng Ä‘ang kháº¯c phá»¥c dáº§n cÃ¡c thiá»‡t háº¡i do bÃ£o, Ä‘á» nghá»‹ sinh viÃªn Há»c viá»‡n tÃ­ch cá»±c kháº¯c phá»¥c khÃ³ khÄƒn trong há»c táº­p sau bÃ£o do nhá»¯ng thiá»‡t háº¡i vá» cÆ¡ sá»Ÿ váº­t cháº¥t cá»§a Há»c viá»‡n; lÆ°u Ã½ háº¡n cháº¿ lÆ°u thÃ´ng táº¡i cÃ¡c khu vá»±c Ä‘ang bá»‹ thiá»‡t háº¡i, cÃ³ cáº£nh bÃ¡o nguy hiá»ƒm, khÃ´ng an toÃ n 
    Page Há»c viá»‡n CÃ´ng nghá»‡ BÆ°u chÃ­nh Viá»…n thÃ´ng cÅ©ng xin Ä‘Æ°á»£c chuyá»ƒn lá»i thÄƒm há»i ban Ä‘áº§u tá»« táº­p thá»ƒ LÃ£nh Ä‘áº¡o Há»c viá»‡n tá»›i toÃ n thá»ƒ gia Ä‘Ã¬nh cÃ¡c sinh viÃªn chá»‹u thiá»‡t háº¡i do bÃ£o, Ä‘áº·c biá»‡t lÃ  cÃ¡c sinh viÃªn táº¡i Háº£i phÃ²ng vÃ  Quáº£ng Ninh. CÃ¡c sinh viÃªn cÃ³ khÃ³ khÄƒn cáº§n trá»£ giÃºp Ä‘áº·c biá»‡t do gia Ä‘Ã¬nh bá»‹ thiá»‡t háº¡i do bÃ£o liÃªn há»‡ vá»›i PhÃ²ng ChÃ­nh trá»‹ vÃ  CÃ´ng tÃ¡c Sinh viÃªn, email: ctsv@ptit.edu.vn Ä‘á»ƒ Há»c viá»‡n cÃ³ thÃ´ng tin vÃ  pháº§n nÃ o chia sáº» khÃ³ khÄƒn vá»›i gia Ä‘Ã¬nh. 
TrÃ¢n trá»ng!
#fromptitwithlove #ptit
â€”â€”â€”â€”â€”â€”â€”â€”â€”â€”â€”â€”â€”â€”â€”â€”â€”â€”â€”â€”â€”â€”â€”â€”â€”â€”-
Há»ŒC VIá»†N CÃ”NG NGHá»† BÆ¯U CHÃNH VIá»„N THÃ”NG
Trá»¥ sá»Ÿ chÃ­nh: 122 HoÃ ng Quá»‘c Viá»‡t, P.NghÄ©a TÃ¢n, Q.Cáº§u Giáº¥y, HÃ  Ná»™i.
Há»c viá»‡n CÆ¡ sá»Ÿ táº¡i TPHCM: 11 Nguyá»…n ÄÃ¬nh Chiá»ƒu, P. ÄaKao, Quáº­n 1, ThÃ nh phá»‘ Há»“ ChÃ­ Minh.
CÆ¡ sá»Ÿ ÄÃ o táº¡o táº¡i HÃ  Ná»™i: Km10 ÄÆ°á»ng Nguyá»…n TrÃ£i, P.Má»™ Lao, Q.HÃ  ÄÃ´ng, HÃ  Ná»™i.
CÆ¡ sá»Ÿ ÄÃ o táº¡o táº¡i TP.HCM: ÄÆ°á»ng Man Thiá»‡n, TP Thá»§ Äá»©c, TP.Há»“ ChÃ­ Minh.
â–º Fanpage: https://facebook.com/HocvienPTIT
â–º Tuyá»ƒn sinh: https://tuyensinh.ptit.edu.vn/
â–º Youtube: https://www.youtube.com/@PChannels
â–º Website: https://portal.ptit.edu.vn",321
https://www.facebook.com/share/p/yFcRj6AHU95ZbSkh/,"CÃ²n nguyÃªn 
áº¢nh tá»« cmt gr",6
https://www.facebook.com/share/p/c8V8f2orZDw7kXNF/,"CÃ²n nguyÃªn 
áº¢nh tá»« cmt gr",6
https://www.facebook.com/share/p/fmAPJcuWPrYseJyz/,Content not found,3
https://www.facebook.com/share/p/c6xbsBifdKiyMGCc/,Content not found,3
https://www.facebook.com/share/p/GZW4oiuALgWD1xXa/,"Sá»” TAY ÄIá»†N Tá»¬ PTIT - Há»ŒC Háº¾T MÃŒNH, CHÆ I Háº¾T Náº¤C
 Sau nhá»¯ng láº§n review game trÃ¡ hÃ¬nh, PTIT-ers Ä‘ang ráº¥t mong Ä‘á»£i rÃ¹i pháº£i khÃ´ng 
 Äá»ƒ tiá»‡n cho cÃ¡c báº¡n sinh viÃªn thoáº£ sá»©c khÃ¡m phÃ¡ Ä‘áº·c biá»‡t lÃ  cÃ¡c báº¡n D24, má»i thÃ´ng tin vá» Há»c viá»‡n sáº½ Ä‘Æ°á»£c cung cáº¥p Ä‘áº§y Ä‘á»§ trong ""Sá»• tay Ä‘iá»‡n tá»­ PTIT""
 HÆ°á»›ng dáº«n tham gia game: 
B1: Táº£i file trÃªn link drive Ä‘Ã­nh kÃ¨m, giáº£i nÃ©n táº­p tin Ä‘Ã£ táº£i.
B2: Má»Ÿ thÆ° má»¥c Ä‘Ã£ giáº£i nÃ©n vÃ  cháº¡y file PTIT.exe cÃ³ hÃ¬nh ToÃ  A2 Há»c viá»‡n
B3: Khi vÃ o giao diá»‡n game, sinh viÃªn Ä‘Äƒng kÃ½ theo MSV cá»§a mÃ¬nh (Ä‘á»ƒ Ä‘ua rank nháº­n quÃ ), ngoÃ i ra cÃ³ thá»ƒ Ä‘Äƒng kÃ½ account báº¥t ká»³ Ä‘á»ƒ tráº£i nghiá»‡m.
B4: ÄÄƒng nháº­p vÃ  tráº£i nghiá»‡m theo hÆ°á»›ng dáº«n. Sau khi hoÃ n thiá»‡n sinh viÃªn báº¥m lÆ°u thÃ´ng tin Ä‘á»ƒ ghi danh trÃªn báº£ng rank
 CÃ¡c báº¡n lÆ°u Ã½: Lá»t Top 3 game nÃ y sáº½ Ä‘Æ°á»£c nháº­n 1 pháº§n quÃ  siÃªu khá»§ng cá»§a Há»c viá»‡n Ä‘Ã³ nha 
 Game thÃ¬ khÃ´ng cÃ³ jumpscare nhÆ°ng máº¥y cÃ¡i mÃ£ QR cÃ³ thá»ƒ xuáº¥t hiá»‡n báº¥t cá»© lÃºc nÃ o nÃªn cÃ¡c báº¡n cá»© chuáº©n bá»‹ tinh tháº§n nha
 HÃ¬nh thá»©c nháº­n quÃ : 
- Má»—i tuáº§n sáº½ reset báº£ng rank, top 3 sinh viÃªn Ä‘áº§u báº£ng, qua giai Ä‘oáº¡n kiá»ƒm tra thÃ´ng tin sáº½ Ä‘Æ°á»£c nháº­n quÃ .
 LiÃªn há»‡ nháº­n quÃ : Nguyá»…n Duy KhÃ¡nh - 038.876.4641 (PhÃ²ng CT&CTSV)
 Äang mÆ°a giÃ³, bÃ£o lÅ© chá»‰ cáº§n á»Ÿ nhÃ  mÃ  cÅ©ng cÃ³ thá»ƒ chÆ¡i game vá»«a há»c thÃªm Ä‘Æ°á»£c nhiá»u kiáº¿n thá»©c vá»«a Ä‘Æ°á»£c nháº­n quÃ  cá»§a PTIT, cÃ²n cháº§n chá» chi cÃ¡c báº¡n sinh viÃªn Æ¡ii leo rank vÃ  nháº­n quÃ  thÃ´i 
PhiÃªn báº£n cháº¡y thá»­ Ä‘ang trong thá»i gian thá»­ nghiá»‡m, Ä‘á»ƒ cÃ¹ng chung tay gÃ³p sá»©c, xin gá»­i tá»›i cÃ¡c báº¡n sinh viÃªn cá»•ng Ä‘Ã¡nh giÃ¡, gÃ³p Ã½ vá» game Ä‘á»ƒ hoÃ n thiá»‡n vÃ  phÃ¡t triá»ƒn hÆ¡n:
https://forms.gle/5gFuy7iLgq8gm7as5
Link drive táº£i game:
https://drive.google.com/.../1acyjsRPySGmvIQHDZNPseug8AVS...
â€”â€”â€”â€”â€”â€”â€”â€”â€”â€”â€”â€”â€”â€”â€”â€”â€”â€”â€”â€”â€”â€”â€”â€”â€”â€”-
Há»ŒC VIá»†N CÃ”NG NGHá»† BÆ¯U CHÃNH VIá»„N THÃ”NG
Trá»¥ sá»Ÿ chÃ­nh: 122 HoÃ ng Quá»‘c Viá»‡t, P.NghÄ©a TÃ¢n, Q.Cáº§u Giáº¥y, HÃ  Ná»™i.
Há»c viá»‡n CÆ¡ sá»Ÿ táº¡i TPHCM: 11 Nguyá»…n ÄÃ¬nh Chiá»ƒu, P. ÄaKao, Quáº­n 1, ThÃ nh phá»‘ Há»“ ChÃ­ Minh.
CÆ¡ sá»Ÿ ÄÃ o táº¡o táº¡i HÃ  Ná»™i: Km10 ÄÆ°á»ng Nguyá»…n TrÃ£i, P.Má»™ Lao, Q.HÃ  ÄÃ´ng, HÃ  Ná»™i.
CÆ¡ sá»Ÿ ÄÃ o táº¡o táº¡i TP.HCM: ÄÆ°á»ng Man Thiá»‡n, TP Thá»§ Äá»©c, TP.Há»“ ChÃ­ Minh.
â–º Fanpage: https://facebook.com/HocvienPTIT
â–º Tuyá»ƒn sinh: https://tuyensinh.ptit.edu.vn/
â–º Youtube: https://www.youtube.com/@PChannels
â–º Website: https://portal.ptit.edu.vn",414
https://www.facebook.com/share/p/ioQqgTZwz1jTYxoe/,Content not found,3
https://www.facebook.com/share/p/kiVn7km7CB8sSLjU/,"#ptit20394  
MÃ¬nh khÃ¡ bá»©c xÃºc vá» khoáº£n dá»‹ch vá»¥ cá»§a trÆ°á»ng, trÆ°á»›c thÃ¬ tháº¥y vá»¥ nháº­n báº±ng cá»§a cÃ¡c anh chá»‹ khÃ³a trÃªn cÅ©ng cháº­m cháº¡p, nhÆ° 1 anh mÃ¬nh quen khÃ³a trÆ°á»›c ra trÆ°á»ng cÅ©ng vÃ¬ cÃ¡i tá»™i trÆ°á»ng lÃ¢u tráº£ báº±ng mÃ  máº¥t bao nhiÃªu cÆ¡ há»™i viá»‡c lÃ m ngon, vÃ  rá»“i cÃ¡i gÃ¬ tá»›i cÅ©ng Ä‘Ã£ tá»›i giá» tá»›t lÆ°á»£t mÃ¬nh, mÃ¬nh Ä‘ang á»©ng tuyá»ƒn vÃ o 1 vá»‹ trÃ­ cá»§a 1 táº­p Ä‘oÃ n nhÃ  nÆ°á»›c cÅ©ng ráº¥t lá»›n vÃ  sau thá»i gian thi tuyá»ƒn há» báº¯t ná»™p báº£ng Ä‘iá»ƒm cÃ³ dáº¥u cá»§a nhÃ  trÆ°á»ng vá»›i thá»i háº¡n khÃ¡ ngáº¯n. Äen thay Ä‘Ãºng vÃ o Ä‘á»£t nhÃ  trÆ°á»ng cáº­p nháº­t Ä‘iá»ƒm  vÃ  cÃ¢u tráº£ lá»i tá»« nhÃ  trÆ°á»ng lÃ  Ä‘á»£i tá»›i táº­n ná»­a thÃ¡ng.
 Trong thá»i gian cáº­p nháº­t ráº¥t dÃ i tháº¿ trÆ°á»ng khÃ´ng cÃ³ thÃ´ng bÃ¡o qua cá»•ng thÃ´ng tin nÃ o Ä‘á»ƒ cho sinh viÃªn cÃ³ nguyá»‡n vá»ng cáº§n thiáº¿t Ä‘á»ƒ tranh thá»§ trÆ°á»›c thá»i gian Ä‘Ã³. Giá» mÃ¬nh rÆ¡i vÃ o tráº¡ng thÃ¡i ""tiáº¿n thoÃ¡i lÆ°á»¡ng nan"" tiáº¿n lÃªn thÃ¬ khÃ´ng Ä‘Æ°á»£c mÃ  lÃ¹i láº¡i cÅ©ng khÃ´ng xong, doanh nghiá»‡p thÃ¬ Ä‘Ã²i gáº§n nhÆ° pháº£i cÃ³ luÃ´n cÃ²n trÆ°á»ng thÃ¬ thá»i gian ngáº¯n thÃ¬ khÃ´ng thá»ƒ cÃ³, cháº¯c cÅ©ng ráº¥t nhiá»u a/c/e, báº¡n cÅ©ng vÃ  Ä‘Ã£ rá»i vÃ o trÆ°á»ng há»£p tÆ°Æ¡ng tá»± nhÆ° nÃ y. 
MÃ¬nh khÃ´ng muá»‘n bÃ³c phá»‘t trÆ°á»ng nhÆ°ng thá»±c sá»± nhÃ  trÆ°á»ng cÃ²n quÃ¡ báº¥t cáº­p trong viá»‡c giÃºp táº¡o Ä‘iá»u kiá»‡n cho cÃ´ng viá»‡c cá»§a sinh viÃªn trÆ°á»ng, cá»© thá»­ nhÃ¬n cÃ¡c trÆ°á»ng khÃ¡c dá»‹ch vá»¥ nhÆ° tháº¿ vÃ  nhÃ¬n vá» trÆ°á»ng mÃ¬nh thÃ¬ Ä‘Ãºng chÃ¡n. Má»™t pháº§n lá»—i cÅ©ng do mÃ¬nh khÃ´ng chuáº©n bá»‹ giáº¥y tá» sá»›m. ÄÃ¢y cÃ³ thá»ƒ Ä‘Ã¢y lÃ  Ã½ kiáº¿n chá»§ quan cá»§a mÃ¬nh mong má»i ngÆ°á»i hoan há»‰.",290
https://www.facebook.com/share/p/bgPm9GgP1L4U3RZp/,"#ptit20391   
Niá»m vui Ä‘á»— Ä‘áº¡i há»c vÃ  niá»m tá»± hÃ o Ä‘Æ°á»£c lÃ  Ptiter Ä‘ang ngÃ y cÃ ng giáº£m sÃºt theo cÃ¡i cÃ¡ch mÃ  HV Ä‘á»‘i xá»­ vá»›i tÃ¢n SV:
- Máº¥t Ä‘iá»ƒm láº§n má»™t: CÃ´ng bá»‘ Ä‘iá»ƒm chuáº©n quÃ¡ cháº­m. KhÃ´ng biáº¿t HV ngÃ¢m Ä‘iá»ƒm chuáº©n Ä‘á»ƒ cÃ´ng bá»‘ cÃ³ lá»£i Ã­ch gÃ¬ chá»© tÃ¢n sinh viÃªn chá»‰ thÃªm cÄƒng tháº³ng vÃ  tháº¥t vá»ng vÃ¬ kháº£ nÄƒng quyáº¿t Ä‘á»‹nh cá»§a HV. Trong khi báº¡n bÃ¨ vÃ  cÃ¡c trÆ°á»ng khÃ¡c cÃ´ng bá»‘ Ä‘iá»ƒm chuáº©n ráº§n ráº§n thÃ¬ HV váº«n im lÃ¬m cá»‘ thá»§, tÃ¢n SV pháº£i vÃ o web cá»§a Bá»™ xem káº¿t quáº£ thay vÃ¬ vÃ o trang web cá»§a HV.
- Máº¥t Ä‘iá»ƒm láº§n 2: Pháº§n má»m xÃ¡c nháº­n nháº­p há»c online thÃ¬ lá»—i nhoe, khi thÃ¬ bÃ¡o Ä‘á»— thÃ nh trÆ°á»£t, khi thÃ¬ bÃ¡o há»“ sÆ¡ khÃ´ng há»£p lá»‡, khi thÃ¬ bÃ¡o khÃ´ng tháº¥y mÃ¡y chá»§. Tháº¥y quáº£ng cÃ¡o HV cÃ´ng nghá»‡ hay lÃ  Ä‘áº¡i há»c sá»‘ gÃ¬ mÃ  cÃ¡i pháº§n má»m tuyá»ƒn sinh cÅ©ng khÃ´ng dÃ¹ng Ä‘Æ°á»£c.
- Máº¥t Ä‘iá»ƒm láº§n 3: Há»c phÃ­ Ä‘Ã£ cao thÃ¬ chá»›, láº¡i cá»™ng luÃ´n há»c phÃ­ 7.5TC quÃ¢n sá»± vÃ o báº¯t ná»™p luÃ´n, Ä‘Ãºng gÃ¢y sá»‘c cho gia Ä‘Ã¬nh tÃ¢n SV mÃ . Náº¿u tÃ¡ch pháº§n há»c phÃ­ quÃ¢n sá»± Ä‘áº¥y ra cho SV ná»™p vÃ o khi báº¯t Ä‘áº§u há»c, khi nháº­p há»c chá»‰ pháº£i ná»™p HP khÃ´ng tÃ­nh QS thÃ¬ tháº¥p hÆ¡n, cÃ³ pháº£i giÃ£n Ã¡p lá»±c cho gia Ä‘Ã¬nh bá»n em khÃ´ng, mÃ  HV váº«n thu Ä‘Æ°á»£c Ä‘á»§ khÃ´ng, mÃ  tÃ¢n SV cÅ©ng Ä‘á»¡ bá»‹ sá»‘c rá»“i Ä‘á»¡ tuyÃªn truyá»n xáº¥u cho hÃ¬nh áº£nh HV khÃ´ng?
- CÃ³ khi nÃ o cÃ²n máº¥t Ä‘iá»ƒm láº§n n khÃ´ng? 
RÃµ rÃ ng HV cÃ³ Ä‘Ã o táº¡o ngÃ nh truyá»n thÃ´ng, ngÃ nh quan há»‡ cÃ´ng chÃºng mÃ  lÃ m truyá»n thÃ´ng lá»—i tháº¿ nÃ y, quan há»‡ cÃ´ng chÃºng lá»—i tháº¿ nÃ y thÃ¬ Ä‘i dáº¡y SV tháº¿ nÃ o? tá»± nhiÃªn láº¡i phÃ¢n vÃ¢n cÃ³ nÃªn nháº­p há»c khÃ´ng ná»¯a?""",318
https://www.facebook.com/share/p/GXu8ydwu4bUzJ4vV/,"BÃ€I GIáº¢NG Má»: ğ“ğ‡ğ„ ğ…ğ”ğ“ğ”ğ‘ğ„ ğğ… ğˆğğ“ğ„ğ‹ğ‹ğˆğ†ğ„ğğ‚ğ„: ğ„ğ—ğğ‹ğğ‘ğˆğğ† ğ“ğ‡ğ„ ğˆğŒğğ€ğ‚ğ“ ğğ… ğ€ğˆ ğğ ğğ”ğ‘ ğ–ğğ‘ğ‹ğƒ
 Há»c viá»‡n CÃ´ng nghá»‡ BÆ°u chÃ­nh Viá»…n ThÃ´ng phá»‘i há»£p Äáº¡i há»c Huddersfield tá»• chá»©c BÃ i giáº£ng má»Ÿ â€œThe Future of Intelligence: Exploring the Impact of AI on Our Worldâ€ vá»›i sá»± gÃ³p máº·t cá»§a diá»…n giáº£ Ä‘áº¿n tá»« Äáº¡i há»c Huddersfield, VÆ°Æ¡ng quá»‘c Anh. 
 Diá»…n giáº£ bÃ i giáº£ng: GiÃ¡o sÆ° Rupak Kharel â€“ TrÆ°á»Ÿng khoa CNTT vÃ  Ká»¹ thuáº­t, Äáº¡i há»c Huddersfield, VÆ°Æ¡ng quá»‘c Anh
BÃ i giáº£ng sáº½ mang Ä‘áº¿n nhá»¯ng kiáº¿n thá»©c vÃ´ cÃ¹ng há»¯u Ã­ch cho sinh viÃªn vá»: 
 Sá»± phÃ¡t triá»ƒn cá»§a TrÃ­ tuá»‡ nhÃ¢n táº¡o vÃ  nhá»¯ng tÃ¡c Ä‘á»™ng cá»§a AI Ä‘áº¿n má»i máº·t trong cuá»™c sá»‘ng
 Tiá»m nÄƒng cá»§a AI trong thÃºc Ä‘áº©y sÃ¡ng táº¡p, tá»± Ä‘á»™ng hoÃ¡ cÃ´ng viá»‡c vÃ  nhá»¯ng thÃ¡ch thá»©c trong viá»‡c quáº£n lÃ½ sá»± phÃ¡t triá»ƒn cá»§a trÃ­ tuá»‡ nhÃ¢n táº¡o
 CÃ¹ng diá»…n giáº£ tÃ¬m hiá»ƒu, phÃ¢n tÃ­ch cÃ¡c Thuáº­t toÃ¡n/ Module/ Case study liÃªn quan Ä‘áº¿n AI
 BÃªn cáº¡nh Ä‘Ã³, tham gia bÃ i giáº£ng nÃ y, sinh viÃªn sáº½ cÃ³ cÆ¡ há»™i giao lÆ°u, tháº£o luáº­n vá»›i diá»…n giáº£ vá» chá»§ Ä‘á» thÃº vá»‹ nÃ y
ThÃ´ng tin BÃ i giáº£ng má»Ÿ:
 Äá»‘i tÆ°á»£ng tham dá»±: Sinh viÃªn PTIT
 Thá»i gian: 9h00 ngÃ y 27/09/2024
 Äá»‹a Ä‘iá»ƒm: Há»c viá»‡n CÃ´ng nghá»‡ BÆ°u chÃ­nh Viá»…n thÃ´ng.
LINK ÄÄ‚NG KÃ THAM GIA Báº¢I GIáº¢NG Má»: https://bit.ly/3AWxsCV 
-------------------
TRUNG TÃ‚M ÄÃ€O Táº O QUá»C Táº¾ - Há»ŒC VIá»†N CÃ”NG NGHá»† BÆ¯U CHÃNH VIá»„N THÃ”NG 
â–º Hotline: 088.616.0606
â–º Fanpage: https://www.facebook.com/ptit.cie
â–º CLC PTIT: https://clc.ptit.edu.vn/
â–º Website: https://portal.ptit.edu.vn/; https://cie.ptit.edu.vn/
â–º CNTT Viá»‡t Nháº­t: https://vjip.ptit.edu.vn
â–º Zalo: Trung tÃ¢m ÄÃ o táº¡o Quá»‘c táº¿ (ID: 925360078735837161)",272
https://www.facebook.com/share/p/wnzpLB2yf5wK1zZn/,"Time break at PTIT 
 Yagi sao Ä‘á» Ä‘Æ°á»£c vá»›i tinh tháº§n PTIT-ers 
 -------------------
TRUNG TÃ‚M ÄÃ€O Táº O QUá»C Táº¾ - Há»ŒC VIá»†N CÃ”NG NGHá»† BÆ¯U CHÃNH VIá»„N THÃ”NG 
â–º Hotline: 088.616.0606
â–º Fanpage: https://www.facebook.com/ptit.cie
â–º CLC PTIT: https://clc.ptit.edu.vn/
â–º Website: https://portal.ptit.edu.vn/; https://cie.ptit.edu.vn/
â–º CNTT Viá»‡t Nháº­t: https://vjip.ptit.edu.vn
â–º Zalo: Trung tÃ¢m ÄÃ o táº¡o Quá»‘c táº¿ (ID: 925360078735837161)",57
https://www.facebook.com/share/p/keC95PmXCyURGevE/,Fine,1
https://www.facebook.com/share/p/UeahfB4gHWL5TUHS/,Content not found,3
https://www.facebook.com/share/p/hos8M4d1pjeKojpz/,Content not found,3
https://www.facebook.com/share/p/Phk2NbAsWf5tjRR5/," THÆ¯ VIá»†N PTIT THÃ”NG BÃO
 Báº¯t Ä‘áº§u tá»« 04/09/2024 Ä‘áº¿n háº¿t 28/02/2025, ThÆ° viá»‡n tá»• chá»©c phá»¥c vá»¥ ngoÃ i giá» tá»« thá»© 2 Ä‘áº¿n thá»© 7, thá»i gian cá»¥ thá»ƒ nhÆ° sau:
ThÃ¡ng 9, 10, 11:
Tá»« thá»© 2 Ä‘áº¿n thá»© 6
SÃ¡ng 8h00 - 11h30
Chiá»u: 13h30 - 19h
NgÃ y thá»© 7
SÃ¡ng: 8h00 - 11h30
Chiá»u: 13h30 - 17h
ThÃ¡ng 12/2024; 1, 2/2025:
Tá»« thá»© 2 Ä‘áº¿n thá»© 6
SÃ¡ng 8h00 - 11h30
Chiá»u: 13h30 - 21h
NgÃ y thá»© 7
SÃ¡ng: 8h00 - 11h30
Chiá»u: 13h30 - 17h
___________________________________
Má»i tháº¯c máº¯c vui lÃ²ng liÃªn há»‡:
 Fanpage: https://www.facebook.com/ptitl
 Email: ilcptit@gmail.com
 Hotline: 0396 462 781",106
https://www.facebook.com/share/p/21YVwWWCs82ACpCA/," ÄoÃ n Bá»™ ThÃ´ng tin vÃ  Truyá»n thÃ´ng - ÄoÃ n Thanh niÃªn Há»c viá»‡n CÃ´ng nghá»‡ BÆ°u chÃ­nh Viá»…n thÃ´ng bá»™i thu táº¡i Lá»… trao giáº£i Cuá»™c thi SÃ¡ng tÃ¡c cÃ¡c sáº£n pháº©m truyá»n thÃ´ng vá» báº£o vá»‡ ná»n táº£ng tÆ° tÆ°á»Ÿng cá»§a Äáº£ng láº§n thá»© láº§n thá»© 2, nÄƒm 2024 
 Thiáº¿t thá»±c ká»· niá»‡m 79 nÄƒm CÃ¡ch máº¡ng ThÃ¡ng TÃ¡m thÃ nh cÃ´ng (19/8/1945 - 19/8/2024) vÃ  Quá»‘c khÃ¡nh nÆ°á»›c Cá»™ng hÃ²a xÃ£ há»™i chá»§ nghÄ©a Viá»‡t Nam (02/9/1945 - 02/9/2024); ká»· niá»‡m 55 nÄƒm thá»±c hiá»‡n Di chÃºc cá»§a Chá»§ tá»‹ch Há»“ ChÃ­ Minh (1969 - 2024), chiá»u ngÃ y 28/8 táº¡i NhÃ  hÃ¡t Ká»‹ch Viá»‡t Nam, Ban ThÆ°á»ng vá»¥ ÄoÃ n Khá»‘i tá»• chá»©c ChÆ°Æ¡ng trÃ¬nh sinh hoáº¡t chÃ­nh trá»‹ â€œNhá»› vá» BÃ¡c - LÃ²ng ta trong sÃ¡ng hÆ¡nâ€, trao giáº£i Cuá»™c thi sÃ¡ng tÃ¡c sáº£n pháº©m truyá»n thÃ´ng vá» báº£o vá»‡ ná»n táº£ng tÆ° tÆ°á»Ÿng cá»§a Äáº£ng láº§n thá»© hai, nÄƒm 2024.
 Cuá»™c thi sÃ¡ng tÃ¡c sáº£n pháº©m truyá»n thÃ´ng vá» báº£o vá»‡ ná»n táº£ng tÆ° tÆ°á»Ÿng cá»§a Äáº£ng do ÄoÃ n Khá»‘i cÃ¡c cÆ¡ quan Trung Æ°Æ¡ng tá»• chá»©c láº§n Ä‘áº§u tiÃªn vÃ o nÄƒm 2023 vá»›i má»¥c Ä‘Ã­ch tiáº¿p tá»¥c kháº³ng Ä‘á»‹nh vai trÃ² quan trá»ng cá»§a cÃ´ng tÃ¡c báº£o vá»‡ ná»n táº£ng tÆ° tÆ°á»Ÿng cá»§a Äáº£ng, Ä‘áº¥u tranh pháº£n bÃ¡c cÃ¡c quan Ä‘iá»ƒm sai trÃ¡i, thÃ¹ Ä‘á»‹ch trong tÃ¬nh hÃ¬nh má»›i; tá»« Ä‘Ã³, gÃ³p pháº§n nÃ¢ng cao nháº­n thá»©c, trÃ¡ch nhiá»‡m, hÃ nh Ä‘á»™ng cá»§a tá»• chá»©c ÄoÃ n, Ä‘oÃ n viÃªn, thanh niÃªn trong Khá»‘i vá»›i nhiá»‡m vá»¥ báº£o vá»‡ ná»n táº£ng tÆ° tÆ°á»Ÿng cá»§a Äáº£ng.
CÅ©ng trong buá»•i lá»… nÃ y, ÄoÃ n Thanh niÃªn Há»c viá»‡n CÃ´ng nghá»‡ BÆ°u chÃ­nh Viá»…n thÃ´ng Ä‘á»“ng hÃ nh cÃ¹ng ÄoÃ n Bá»™ ThÃ´ng tin vÃ  Truyá»n thÃ´ng vinh dá»± nháº­n 03 giáº£i thÆ°á»Ÿng: 
1 giáº£i nháº¥t thá»ƒ loáº¡i infographic thuá»™c vá» nhÃ³m tÃ¡c giáº£: Chung Háº£i Báº±ng, Nguyá»…n ÄÃ¬nh SÆ¡n, Äinh Thá»‹ Diá»…m Quá»³nh (ÄoÃ n Bá»™ ThÃ´ng tin vÃ  Truyá»n thÃ´ng) vá»›i tÃ¡c pháº©m â€œNÃ³i khÃ´ng vá»›i Fake Newsâ€.
1 giáº£i khuyáº¿n khÃ­ch thá»ƒ loáº¡i infographic: â€œ5 chá»‘ng vÃ  5 nÃªn: Báº£o vá»‡ ná»n táº£ng tÆ° tÆ°á»Ÿng cá»§a Äáº£ngâ€ thuá»™c vá» nhÃ³m tÃ¡c giáº£: Tráº§n PhÆ°Æ¡ng Tháº£o, Khá»•ng Thá»‹ Quá»³nh Nga (ÄoÃ n Há»c viá»‡n CÃ´ng nghá»‡ BÆ°u chÃ­nh Viá»…n thÃ´ng - ÄoÃ n Bá»™ ThÃ´ng tin vÃ  truyá»n thÃ´ng). 
1 giáº£i khuyáº¿n khÃ­ch thá»ƒ loáº¡i video: â€œFake News - Káº» thÃ¹ cá»§a ngÆ°á»i tráº» trong cÃ´ng tÃ¡c báº£o vá»‡ ná»n táº£ng tÆ° tÆ°á»Ÿng cá»§a Äáº£ngâ€ thuá»™c vá» tÃ¡c giáº£ Äinh Thá»‹ Diá»…m Quá»³nh (ÄoÃ n Há»c viá»‡n CÃ´ng nghá»‡ BÆ°u chÃ­nh Viá»…n thÃ´ng - ÄoÃ n Bá»™ ThÃ´ng tin vÃ  Truyá»n thÃ´ng.
ÄoÃ n Thanh niÃªn Há»c viá»‡n CÃ´ng nghá»‡ BÆ°u chÃ­nh Viá»…n thÃ´ng vÃ  ÄoÃ n Bá»™ ThÃ´ng tin vÃ  Truyá»n thÃ´ng Ä‘Ã£ kháº³ng Ä‘á»‹nh Ä‘Æ°á»£c tinh tháº§n sÃ¡ng táº¡o, tiÃªn phong vÃ  trÃ¡ch nhiá»‡m trong cÃ´ng tÃ¡c báº£o vá»‡ ná»n táº£ng tÆ° tÆ°á»Ÿng cá»§a Äáº£ng qua cÃ¡c sáº£n pháº©m truyá»n thÃ´ng cháº¥t lÆ°á»£ng vÃ  Ã½ nghÄ©a. Nhá»¯ng giáº£i thÆ°á»Ÿng nÃ y khÃ´ng chá»‰ lÃ  niá»m tá»± hÃ o, mÃ  cÃ²n lÃ  minh chá»©ng rÃµ nÃ©t cho sá»± ná»— lá»±c, cá»‘ gáº¯ng vÃ  lÃ²ng nhiá»‡t huyáº¿t cá»§a tuá»•i tráº» trong viá»‡c lan tá»a cÃ¡c giÃ¡ trá»‹ tá»‘t Ä‘áº¹p, Ä‘áº¥u tranh chá»‘ng láº¡i cÃ¡c luáº­n Ä‘iá»‡u sai trÃ¡i, thÃ¹ Ä‘á»‹ch.
Vá»›i tinh tháº§n ""KhÃ¡t vá»ng - TiÃªn phong - ÄoÃ n káº¿t - Báº£n lÄ©nh - SÃ¡ng táº¡o"", tuá»•i tráº» Há»c viá»‡n CÃ´ng nghá»‡ BÆ°u chÃ­nh Viá»…n thÃ´ng sáº½ tiáº¿p tá»¥c phÃ¡t huy, khÃ´ng ngá»«ng ná»— lá»±c Ä‘á»ƒ táº¡o ra nhiá»u hÆ¡n ná»¯a nhá»¯ng sáº£n pháº©m truyá»n thÃ´ng cháº¥t lÆ°á»£ng, gÃ³p pháº§n báº£o vá»‡ vÃ  phÃ¡t triá»ƒn ná»n táº£ng tÆ° tÆ°á»Ÿng cá»§a Äáº£ng trong thá»i ká»³ má»›i
 Má»™t láº§n ná»¯a xin chÃºc má»«ng cÃ¡c báº¡n",601
https://www.facebook.com/share/p/nTwGB85tq32HibwY/,"[Äáº I Há»˜I Äáº I BIá»‚U ÄOÃ€N TNCS Há»’ CHÃ MINH Há»ŒC VIá»†N CÃ”NG NGHá»† BÆ¯U CHÃNH VIá»„N THÃ”NG Láº¦N THá»¨ X, NHIá»†M Ká»² 2024 - 2027]
 Chiá»u ngÃ y 24/8 vá»«a qua, táº¡i Há»™i trÆ°á»ng A2, Há»c viá»‡n CÃ´ng nghá»‡ BÆ°u chÃ­nh Viá»…n thÃ´ng Ä‘Ã£ tá»• chá»©c thÃ nh cÃ´ng Äáº¡i há»™i Äáº¡i biá»ƒu ÄoÃ n TNCS Há»“ ChÃ­ Minh láº§n thá»© X, nhiá»‡m ká»³ 2024 - 2027. Sá»± kiá»‡n nÃ y Ä‘Ã¡nh dáº¥u má»™t cá»™t má»‘c quan trá»ng trong sá»± phÃ¡t triá»ƒn cá»§a ÄoÃ n Thanh niÃªn Há»c viá»‡n, lÃ  dá»‹p Ä‘á»ƒ nhÃ¬n láº¡i nhá»¯ng thÃ nh tá»±u Ä‘Ã£ Ä‘áº¡t Ä‘Æ°á»£c vÃ  Ä‘á» ra cÃ¡c má»¥c tiÃªu, nhiá»‡m vá»¥ má»›i cho tÆ°Æ¡ng lai.
 Sau hai phiÃªn lÃ m viá»‡c kháº©n trÆ°Æ¡ng, nghiÃªm tÃºc vÃ  Ä‘áº§y tinh tháº§n trÃ¡ch nhiá»‡m, Äáº¡i há»™i Ä‘Ã£ diá»…n ra thÃ nh cÃ´ng tá»‘t Ä‘áº¹p, nháº­n Ä‘Æ°á»£c sá»± Ä‘á»“ng thuáº­n cao tá»« cÃ¡c Ä‘áº¡i biá»ƒu tham dá»±. Cuá»™c báº§u cá»­ diá»…n ra cÃ´ng khai vÃ  minh báº¡ch, vá»›i sá»± hÆ°á»Ÿng á»©ng nhiá»‡t tÃ¬nh cá»§a táº¥t cáº£ cÃ¡c Ä‘áº¡i biá»ƒu, Ä‘á»“ng thá»i cÅ©ng Ä‘áº¡t Ä‘Æ°á»£c sá»± nháº¥t trÃ­ vá» phÆ°Æ¡ng hÆ°á»›ng hoáº¡t Ä‘á»™ng cho nhiá»‡m ká»³ má»›i.
Äáº¡i há»™i Ä‘Ã£ tá»•ng káº¿t láº¡i nhá»¯ng thÃ nh tá»±u Ä‘áº¡t Ä‘Æ°á»£c, Ä‘á»“ng thá»i nhÃ¬n nháº­n nhá»¯ng khÃ³ khÄƒn, háº¡n cháº¿, tá»« Ä‘Ã³ Ä‘Æ°a ra phÆ°Æ¡ng hÆ°á»›ng, káº¿ hoáº¡ch hoáº¡t Ä‘á»™ng cho thá»i gian sáº¯p tá»›i. CÅ©ng trong khuÃ´n khá»• Äáº¡i há»™i, cÃ¡c Ä‘áº¡i biá»ƒu Ä‘Ã£ láº¯ng nghe vÃ  tháº£o luáº­n nhá»¯ng Ã½ kiáº¿n Ä‘Ã³ng gÃ³p quan trá»ng, giÃºp nÃ¢ng cao hÆ¡n ná»¯a cháº¥t lÆ°á»£ng cÃ´ng tÃ¡c ÄoÃ n trong nhiá»‡m ká»³ má»›i.
Äáº¡i há»™i cÅ©ng Ä‘Ã£ báº§u ra Ban Cháº¥p hÃ nh má»›i vá»›i 25 Ä‘á»“ng chÃ­ tiÃªu biá»ƒu vá» pháº©m cháº¥t Ä‘áº¡o Ä‘á»©c tá»‘t, cÃ³ nÄƒng lá»±c, trÃ¬nh Ä‘á»™, cÃ³ tinh tháº§n trÃ¡ch nhiá»‡m - há»©a háº¹n lÃ  tháº¿ há»‡ tiá»m nÄƒng tiáº¿p tá»¥c dáº«n dáº¯t vÃ  phÃ¡t triá»ƒn ÄoÃ n Thanh niÃªn Há»c viá»‡n trong nhiá»‡m ká»³ 2024 - 2026.
 Má»™t láº§n ná»¯a, Ban Tá»• chá»©c xin gá»­i lá»i cáº£m Æ¡n chÃ¢n thÃ nh Ä‘áº¿n Ban Cháº¥p hÃ nh nhiá»‡m ká»³ 2022 - 2024 vÃ¬ nhá»¯ng Ä‘Ã³ng gÃ³p to lá»›n cá»§a cÃ¡c Ä‘á»“ng chÃ­ trong nhiá»‡m ká»³ vá»«a qua. ChÃºc cho Ban Cháº¥p hÃ nh nhiá»‡m ká»³  2024 - 2026 sáº½ Ä‘áº¡t Ä‘Æ°á»£c nhiá»u thÃ nh cÃ´ng rá»±c rá»¡ vÃ  tiáº¿p tá»¥c Ä‘Æ°a ÄoÃ n Há»c viá»‡n phÃ¡t triá»ƒn vá»¯ng máº¡nh!
#Äáº¡i_há»™i_ÄoÃ n_láº§n_thá»©_X
#Tuá»•i_tráº»_PTIT
____________________________
THÃ”NG TIN LIÃŠN Há»† ÄTN PTIT:
â¤Fanpage: https://www.facebook.com/DoanThanhNienHVCNBCVT
â¤ Email: Doanthanhnien@ptit.edu.vn
â¤ Hotline: 0433 515 489
â¤ Äá»‹a chá»‰: PhÃ²ng 111, KTX B5 - Há»c viá»‡n CÃ´ng nghá»‡ BÆ°u chÃ­nh Viá»…n thÃ´ng",412
https://www.facebook.com/share/p/ep9d5sWsB8LHz994/," PTIT - NGAÌ€Y TRÆ Ì‰ LAÌ£I 
 Khi nhÆ°Ìƒng tia nÄƒÌng cuÌ‰a muÌ€a haÌ£ dÃ¢Ì€n bÆ¡Ìt choÌi chang thiÌ€ cuÌƒng laÌ€ luÌc caÌc baÌ£n sinh viÃªn quay trÆ¡Ì‰ laÌ£i HoÌ£c viÃªÌ£n thÃ¢n yÃªu Ä‘ÃªÌ‰ tiÃªÌp tuÌ£c haÌ€nh triÌ€nh chinh phá»¥c tri thÆ°Ìc.
 TuÃ¢Ì€n Ä‘Ã¢Ì€u quay trÆ¡Ì‰ laÌ£i trÆ°Æ¡Ì€ng, mÃ´Ìƒi ngÆ°Æ¡Ì€i seÌƒ coÌ cho miÌ€nh caÌ‰m nhÃ¢Ì£n vaÌ€ caÌ‰m xuÌc riÃªng, nhÆ°ng chÄƒÌc hÄƒÌ‰n tÃ¢Ìt caÌ‰ chuÌng ta Ä‘ÃªÌ€u chung mÃ´Ì£t khiÌ thÃªÌ hÃ¢n hoan vaÌ€ quyÃªÌt tÃ¢m hÃªÌt miÌ€nh cho kyÌ€ hoÌ£c sÄƒÌp tÆ¡Ìi Ä‘uÌng khÃ´ng naÌ€oo?
 BÃ¢y giÆ¡Ì€, haÌƒy cuÌ€ng theo chÃ¢n chuÌng miÌ€nh â€œgoÌƒ cÆ°Ì‰a hoÌ‰i thÄƒmâ€ nhÆ°Ìƒng tÃ¢m tÆ° tiÌ€nh caÌ‰m cuÌ‰a caÌc baÌ£n sinh viÃªn PTIT trong tuÃ¢Ì€n Ä‘Ã¢Ì€u quay trÆ¡Ì‰ laÌ£i trÆ°Æ¡Ì€ng nheÌ!
#ptit #backtoschool #summer2024
_______________________________
THÃ”NG TIN LIÃŠN Há»† ÄTN PTIT:
â¤ Fanpage: https://www.facebook.com/DoanThanhNienHVCNBCVT
â¤ Email: Doanthanhnien@ptit.edu.vn
â¤ Hotline: 0433 515 489
â¤ Äá»‹a chá»‰: PhÃ²ng 111, KTX B5 - Há»c viá»‡n CÃ´ng nghá»‡ BÆ°u chÃ­nh Viá»…n thÃ´ng.",153